id;ad_order_id;product_id;quantity;unit_price;units_total;adjustments_total;total;immutable;vendor_id;address_id;tax_rate;"shipment_completed_at";"id_offer"
13;10;222;2;19.23;38.46;0;38.46;0;6;735;19;NULL;"DHR45kDayyS9ShW"
16;13;84662;1;2.45;2.45;0;2.45;0;6;739;19;NULL;"REk5poFPF6cOwlUQ"
19;15;243783;1;21.42;21.42;0;21.42;0;6;741;7;NULL;"SNhJcYTMicYd8ObgB"
20;15;79541;1;37.3;37.3;0;37.3;0;6;741;7;NULL;"Ne2LlT6c0cGBtba"
24;19;196272;1;73.21;73.21;0;73.21;0;6;746;19;NULL;"npu1ddNKvJeGkYgL"
27;22;196272;1;73.21;73.21;0;73.21;0;6;751;19;NULL;"npu1ddNKvJeGkYgL"
28;23;196272;1;89;89;0;89;0;6;753;19;NULL;"npu1ddNKvJeGkYgL"
29;24;108467;1;19.1;19.1;0;19.1;0;6;755;7;NULL;"GTUkyXvPLglhQfAHHWn"
37;32;257877;2;24.44;48.88;0;48.88;0;6;764;19;NULL;"u764QamWicI402kV"
40;35;317298;4;11.76;47.04;0;47.04;0;6;768;19;NULL;"FgPuf1Dco6oYNtYa6Ed9"
43;38;118857;1;10.04;10.04;0;10.04;0;6;773;19;NULL;"7JM3bjA6Qq8eZIY"
46;41;79734;2;20.24;40.48;0;40.48;0;6;778;19;NULL;"vV2yDY1WHZCc5Pcysn"
47;41;80504;2;0.8;1.6;0;1.6;0;6;778;19;NULL;"65PpBxwrZp4ee4kqPu"
54;44;205378;1;14.24;14.24;0;14.24;0;6;784;19;NULL;"4Q28St5AfN6Jh9gOmDn"
55;44;80213;1;10.85;10.85;0;10.85;0;6;784;19;NULL;"Ui7y7ZHZu7lFr7t"
56;44;80294;1;2.95;2.95;0;2.95;0;6;784;7;NULL;"1S2Np9KBtcB7gRHpd"
63;47;79734;2;20.24;40.48;0;40.48;0;6;787;19;NULL;"vV2yDY1WHZCc5Pcysn"
64;47;81722;1;2.15;2.15;0;2.15;0;6;787;19;NULL;"bVUVuD70Noy9GwRywMK"
65;47;79938;2;13.4;26.8;0;26.8;0;6;787;19;NULL;"pmHMCR8ZGhkuxIaGxv"
66;48;79415;1;16.07;16.07;0;16.07;0;6;789;19;NULL;"s0vooABeeZDdeZI"
67;48;80160;1;12.48;12.48;0;12.48;0;6;789;19;NULL;"Ut8oRNvSunqr3iio7"
68;49;79734;1;20.24;20.24;0;20.24;0;6;791;19;NULL;"vV2yDY1WHZCc5Pcysn"
69;49;84918;1;26.73;26.73;0;26.73;0;6;791;19;NULL;"9zp6bLPIpgqVE6DF1T6B"
70;49;79938;1;13.4;13.4;0;13.4;0;6;791;19;NULL;"pmHMCR8ZGhkuxIaGxv"
71;49;311225;1;28.32;28.32;0;28.32;0;6;791;19;NULL;"PHad78WwuRD56Hf6iAf"
72;50;102202;2;4.71;9.42;0;9.42;0;6;793;19;NULL;"zul1U3kYHJXmMGi1J"
73;51;116295;1;10.49;10.49;0;10.49;0;6;796;19;NULL;"9qhlzFuFHdHyO9S5rK"
74;51;79730;1;21.5;21.5;0;21.5;0;6;796;19;NULL;"Kh9NNfZtXHeZW9ePvQn"
75;51;79766;1;41.39;41.39;0;41.39;0;6;796;19;NULL;"e2hvCNXHLzvjY3VbN"
76;52;85306;2;3.3;6.6;0;6.6;0;6;798;19;NULL;"zSIIs819vwxYY8As"
77;52;79938;4;13.4;53.6;0;53.6;0;6;798;19;NULL;"pmHMCR8ZGhkuxIaGxv"
78;52;445664;1;13.94;13.94;0;13.94;0;6;798;19;NULL;"tR2bD7cI2w6fsrtWnF"
82;54;82355;4;3.44;13.76;0;13.76;0;6;801;19;NULL;"unbmY0l1VDrCny0Pc6Qb"
83;54;79734;1;20.24;20.24;0;20.24;0;6;801;19;NULL;"vV2yDY1WHZCc5Pcysn"
84;54;445664;1;13.94;13.94;0;13.94;0;6;801;19;NULL;"tR2bD7cI2w6fsrtWnF"
85;55;79766;2;41.39;82.78;0;82.78;0;6;803;19;NULL;"e2hvCNXHLzvjY3VbN"
86;56;79715;3;16.06;48.18;0;48.18;0;6;805;19;NULL;"8QOLwBeExbrDMGaNJ"
87;56;81754;3;13.49;40.47;0;40.47;0;6;805;19;NULL;"Pj9SaVV73f10F7aJ2pK8"
89;58;79730;2;21.5;43;0;43;0;6;808;19;NULL;"Kh9NNfZtXHeZW9ePvQn"
95;61;445664;1;13.94;13.94;0;13.94;0;6;812;19;NULL;"tR2bD7cI2w6fsrtWnF"
96;61;81722;5;2.15;10.75;0;10.75;0;6;812;19;NULL;"bVUVuD70Noy9GwRywMK"
97;61;84064;2;7.14;14.28;0;14.28;0;6;812;19;NULL;"1jp0FJziwDbfZ3hXL"
98;61;79938;1;13.4;13.4;0;13.4;0;6;812;19;NULL;"pmHMCR8ZGhkuxIaGxv"
100;63;79938;5;13.4;67;0;67;0;6;815;19;NULL;"pmHMCR8ZGhkuxIaGxv"
104;67;117225;1;125.99;125.99;0;125.99;0;6;820;19;NULL;"vuuj53W9qtNnsPH"
107;70;79489;2;26.8;53.6;0;53.6;0;6;823;19;NULL;"n7FEf7EbyPiJ1l5h7QbH"
111;72;79734;1;20.24;20.24;0;20.24;0;6;828;19;NULL;"vV2yDY1WHZCc5Pcysn"
112;72;80857;2;3.67;7.34;0;7.34;0;6;828;19;NULL;"8HMf79ZgdfE4tbkb8"
113;72;79938;1;13.4;13.4;0;13.4;0;6;828;19;NULL;"pmHMCR8ZGhkuxIaGxv"
117;76;79734;1;20.24;20.24;0;20.24;0;6;833;19;NULL;"vV2yDY1WHZCc5Pcysn"
120;79;79766;1;41.39;41.39;0;41.39;0;6;837;19;NULL;"e2hvCNXHLzvjY3VbN"
133;86;79734;15;20.24;303.6;0;303.6;0;6;845;19;NULL;"vV2yDY1WHZCc5Pcysn"
134;86;445664;15;13.94;209.1;0;209.1;0;6;845;19;NULL;"tR2bD7cI2w6fsrtWnF"
136;88;79766;2;41.39;82.78;0;82.78;0;6;848;19;NULL;"e2hvCNXHLzvjY3VbN"
143;91;79489;1;26.8;26.8;0;26.8;0;6;852;19;NULL;"n7FEf7EbyPiJ1l5h7QbH"
144;91;445664;1;13.94;13.94;0;13.94;0;6;852;19;NULL;"tR2bD7cI2w6fsrtWnF"
145;91;455383;1;17.99;17.99;0;17.99;0;6;852;19;NULL;"XaLncPwZg9lVG5RdYw0L"
149;95;82494;10;1.98;19.8;0;19.8;0;6;857;19;NULL;"rhvI4iyHuj7o0nW"
151;97;117225;1;125.99;125.99;0;125.99;0;6;860;19;NULL;"vuuj53W9qtNnsPH"
152;98;117225;1;125.99;125.99;0;125.99;0;6;862;19;NULL;"vuuj53W9qtNnsPH"
157;100;79734;1;20.24;20.24;0;20.24;0;6;865;19;NULL;"vV2yDY1WHZCc5Pcysn"
158;100;79938;1;13.4;13.4;0;13.4;0;6;865;19;NULL;"pmHMCR8ZGhkuxIaGxv"
159;100;80506;4;1.71;6.84;0;6.84;0;6;865;19;NULL;"HFe0DgnMtbDh4qw32x"
160;100;83832;2;2.81;5.62;0;5.62;0;6;865;19;NULL;"vUvqvGhYhsqhjTb6jBHc"
161;101;79766;2;41.39;82.78;0;82.78;0;6;868;19;NULL;"e2hvCNXHLzvjY3VbN"
165;104;79766;1;41.39;41.39;0;41.39;0;6;875;19;NULL;"e2hvCNXHLzvjY3VbN"
166;105;79734;2;20.24;40.48;0;40.48;0;6;877;19;NULL;"vV2yDY1WHZCc5Pcysn"
167;106;79938;4;13.4;53.6;0;53.6;0;6;879;19;NULL;"pmHMCR8ZGhkuxIaGxv"
168;107;79402;10;3.26;32.6;0;32.6;0;6;881;19;NULL;"kNNOv0JtlVrmZuL9O"
169;107;79489;1;26.8;26.8;0;26.8;0;6;881;19;NULL;"n7FEf7EbyPiJ1l5h7QbH"
170;108;117586;1;4.33;4.33;0;4.33;0;6;884;19;NULL;"63NNCe09IDWuFjr"
171;108;122863;1;5.1;5.1;0;5.1;0;6;884;19;NULL;"CDn9IWJK7t9EBITIOy"
172;108;79887;1;4.73;4.73;0;4.73;0;6;884;19;NULL;"wv56z4EILxE45Pd"
173;108;79945;2;4.26;8.52;0;8.52;0;6;884;19;NULL;"dxImytfYVqbk5Pq"
174;108;273602;1;15.48;15.48;0;15.48;0;6;884;19;NULL;"7jgcwCWnAzHgoxfQQ"
175;108;81754;1;13.49;13.49;0;13.49;0;6;884;19;NULL;"Pj9SaVV73f10F7aJ2pK8"
177;110;274310;6;7.34;44.04;0;44.04;0;6;887;7;NULL;"rbJpH0Rda5BjsdTtl"
180;112;79489;2;26.8;53.6;0;53.6;0;6;890;19;NULL;"n7FEf7EbyPiJ1l5h7QbH"
181;112;85956;2;12.04;24.08;0;24.08;0;6;890;19;NULL;"Anr2f8muOtG7ZBw9Fn"
182;113;79734;2;20.24;40.48;0;40.48;0;6;892;19;NULL;"vV2yDY1WHZCc5Pcysn"
183;114;445664;1;13.94;13.94;0;13.94;0;6;894;19;NULL;"tR2bD7cI2w6fsrtWnF"
188;118;79938;2;13.4;26.8;0;26.8;0;6;903;19;NULL;"pmHMCR8ZGhkuxIaGxv"
189;118;79715;1;16.06;16.06;0;16.06;0;6;903;19;NULL;"8QOLwBeExbrDMGaNJ"
190;119;117225;1;125.99;125.99;0;125.99;0;6;904;19;NULL;"vuuj53W9qtNnsPH"
191;119;168834;2;1.79;3.58;0;3.58;0;6;904;19;NULL;"dszw5iPILCpW3JA0mNp"
192;120;80600;2;1.39;2.78;0;2.78;0;6;906;19;NULL;"3lXB8X5I6zNlKF1DG"
193;120;79734;2;20.24;40.48;0;40.48;0;6;906;19;NULL;"vV2yDY1WHZCc5Pcysn"
196;123;122726;6;6.42;38.52;0;38.52;0;6;911;19;NULL;"KJZecqgGq1u2d1ww4"
199;126;79938;3;13.4;40.2;0;40.2;0;6;916;19;NULL;"pmHMCR8ZGhkuxIaGxv"
202;129;81754;3;13.49;40.47;0;40.47;0;6;920;19;NULL;"Pj9SaVV73f10F7aJ2pK8"
204;131;79766;1;41.39;41.39;0;41.39;0;6;923;19;NULL;"e2hvCNXHLzvjY3VbN"
209;136;79766;2;41.39;82.78;0;82.78;0;6;897;19;NULL;"e2hvCNXHLzvjY3VbN"
218;139;79938;1;13.4;13.4;0;13.4;0;6;934;19;NULL;"pmHMCR8ZGhkuxIaGxv"
219;139;84201;1;12.57;12.57;0;12.57;0;6;934;19;NULL;"KxZpCo5R9LdKIav"
220;139;80504;3;0.8;2.4;0;2.4;0;6;934;19;NULL;"65PpBxwrZp4ee4kqPu"
221;139;79842;1;7.78;7.78;0;7.78;0;6;934;19;NULL;"oVLg25RVtfIRPDnNn"
232;144;117225;1;125.99;125.99;0;125.99;0;6;943;19;NULL;"vuuj53W9qtNnsPH"
233;145;6;1;6.79;6.79;0;6.79;0;6;945;19;NULL;"7NzpRuBV4gnTAjZyagz"
234;146;117225;1;125.99;125.99;0;125.99;0;6;947;19;NULL;"vuuj53W9qtNnsPH"
238;150;102800;3;7.62;22.86;0;22.86;0;6;953;19;NULL;"IV3QPMGBL6dsxnCBf"
241;153;104003;1;35.37;35.37;0;35.37;0;6;957;19;NULL;"DwdXmjLwcEzi1Wyqwff"
242;154;83145;2;13.48;26.96;0;26.96;0;6;959;19;NULL;"Jz4BL6MLLhi33tIIw"
243;155;90761;1;46.05;46.05;0;46.05;0;6;963;19;NULL;"0swxiDUpR7yJz2rJl"
245;157;79849;3;3.81;11.43;0;11.43;0;6;966;19;NULL;"XvQbi5GKM2cW82JTi"
246;158;79849;5;3.81;19.05;0;19.05;0;6;967;19;NULL;"XvQbi5GKM2cW82JTi"
248;160;461491;2;10.98;21.96;0;21.96;0;6;970;7;NULL;"cHb2jWJ3zf35pws"
254;166;253048;1;95.4;95.4;0;95.4;0;6;978;19;NULL;"VCG7RdvDKAL1LBMaUbF9"
258;169;224326;2;7.59;15.18;0;15.18;0;6;983;19;NULL;"NJjVfZXfaqsEBWLN75zf"
259;170;79897;2;15.39;30.78;0;30.78;0;6;985;19;NULL;"DYAIv5ny9dF03321QF"
264;172;79407;1;77.73;77.73;0;77.73;0;6;988;19;NULL;"seFjOsvYVCYInmHG"
266;174;79897;1;15.39;15.39;0;15.39;0;6;992;19;NULL;"DYAIv5ny9dF03321QF"
267;174;4465;1;5.24;5.24;0;5.24;0;6;992;19;NULL;"T7I1dq97cSvboIg"
268;175;83325;3;14.49;43.47;0;43.47;0;6;994;19;NULL;"iVpDsXbNwND7zJAY"
271;177;79712;1;10.49;10.49;0;10.49;0;6;997;19;NULL;"fZZZmQQWPa3qoBU2ZN"
272;177;80175;1;9.37;9.37;0;9.37;0;6;997;19;NULL;"2xCeG7UQg7HYzHlOUnyo"
273;178;79897;3;15.39;46.17;0;46.17;0;6;998;19;NULL;"DYAIv5ny9dF03321QF"
274;178;79736;1;5.58;5.58;0;5.58;0;6;998;19;NULL;"UEca5UYGRuqeoOX"
276;180;79897;5;15.39;76.95;0;76.95;0;6;1001;19;NULL;"DYAIv5ny9dF03321QF"
285;183;82394;3;6.98;20.94;0;20.94;0;6;1005;19;NULL;"zM7Idl3X8fuYMjD"
286;183;284990;2;12.2;24.4;0;24.4;0;6;1005;19;NULL;"kHlACgo04BZwBzvfYM"
287;183;79419;1;10.64;10.64;0;10.64;0;6;1005;19;NULL;"OZBhOSLULhtlV75XjZbP"
288;183;171645;3;3.24;9.72;0;9.72;0;6;1005;19;NULL;"XJftrUvQokCYccj0Z"
293;188;95965;6;13.93;83.58;0;83.58;0;6;1011;19;NULL;"jwnbRmV1GE4EyImz9R3A"
296;191;82378;3;6.98;20.94;0;20.94;0;6;1015;19;NULL;"0Bb0tXyCIG3OWBUwaicJ"
297;192;225414;10;2.49;24.9;0;24.9;0;6;1017;19;NULL;"IGgeEirk1JgdrJpY"
298;193;80558;6;4.03;24.18;0;24.18;0;6;1019;19;NULL;"ki8PQgwCS9FlVCHhJs"
299;193;79851;2;13.02;26.04;0;26.04;0;6;1019;19;NULL;"jdaYBt6jsGfqg7zPpsc"
303;195;90892;3;12.64;37.92;0;37.92;0;6;1022;19;NULL;"bGDha6wpcDUuRLsH8B4Z"
304;195;80504;1;2.03;2.03;0;2.03;0;6;1022;19;NULL;"65PpBxwrZp4ee4kqPu"
305;195;8372;1;2.43;2.43;0;2.43;0;6;1022;19;NULL;"6dMss6YjqFqUXzcX"
309;199;79849;8;3.81;30.48;0;30.48;0;6;1027;19;NULL;"XvQbi5GKM2cW82JTi"
311;201;81786;1;38.11;38.11;0;38.11;0;6;1030;19;NULL;"usdPSpML9ha9tey"
312;202;442455;1;50.8;50.8;0;50.8;0;6;1032;7;NULL;"cmdIbgmzCLDxu1mEXeyx"
313;202;82515;1;3.83;3.83;0;3.83;0;6;1032;19;NULL;"1uTULIlNNJFBme10Np"
314;203;122726;1;5.84;5.84;0;5.84;0;6;1034;19;NULL;"KJZecqgGq1u2d1ww4"
318;205;81871;1;18.01;18.01;0;18.01;0;6;1037;19;NULL;"P1Za5G5mFq3GhiArOi"
319;205;83617;1;21.45;21.45;0;21.45;0;6;1037;19;NULL;"T2mMgH1e1GNddia"
320;205;447243;1;4.24;4.24;0;4.24;0;6;1037;7;NULL;"IM68HlETVQDhtYqvwMH"
322;207;81648;1;19.34;19.34;0;19.34;0;6;1041;19;NULL;"SBssH4UuL21coG9HiB0"
323;207;110636;2;5.81;11.62;0;11.62;0;6;1041;7;NULL;"mYJl61EaoCYVhErF96OO"
325;209;202169;10;55.09;550.9;0;550.9;0;6;1043;19;NULL;"H8wXdIyNnKqNbuh"
329;211;205377;1;27.2;27.2;0;27.2;0;6;1046;19;NULL;"ahsMoC01X6GuqBIXq"
330;211;87115;1;4.8;4.8;0;4.8;0;6;1046;19;NULL;"MEVpKdvdgpFqnY4v"
331;211;106038;2;9.56;19.12;0;19.12;0;6;1046;19;NULL;"SiyLcG7f97351hYr6mz6"
336;214;109752;1;24.99;24.99;0;24.99;0;6;1051;19;NULL;"UkRws1IjLwiyNBh0M6M"
337;214;79532;1;17.47;17.47;0;17.47;0;6;1051;7;NULL;"bR1Ys3bB4nzvmaZbqx"
338;215;535636;3;7.68;23.04;0;23.04;0;6;1053;19;NULL;"TQuK0Ud6AQD4ZBRdu0x"
343;218;81856;10;12.47;124.7;0;124.7;0;6;1057;19;NULL;"L3iXm6Zckshdo6i9WVj"
344;218;120783;5;10.24;51.2;0;51.2;0;6;1057;19;NULL;"vWOG1wKJqhV0aNf2Uvz"
346;220;460382;2;20.16;40.32;0;40.32;0;6;1060;7;NULL;"neGq3T7IN7P7oiwZ"
347;221;274310;7;6.43;45.01;0;45.01;0;6;1062;7;NULL;"rbJpH0Rda5BjsdTtl"
351;225;460656;3;15.52;46.56;0;46.56;0;6;1068;19;NULL;"BUKFGBbOzQxauDFZn"
352;226;157885;2;21.23;42.46;0;42.46;0;6;1070;7;NULL;"Rbssrw0CH8DmBlP0QE"
353;226;80552;1;5.54;5.54;0;5.54;0;6;1070;19;NULL;"XIKukBgeY4IyzhFnXA0"
355;228;106945;1;25.76;25.76;0;25.76;0;6;1073;19;NULL;"J2nntXtDCOayKlVB6kun"
358;231;296953;6;2.99;17.94;0;17.94;0;6;1080;19;NULL;"45zZC0ORYQwlvtApHFw"
359;232;169428;1;49.77;49.77;0;49.77;0;6;1081;7;NULL;"l36sNqGCkekzxfrkw"
361;234;115079;1;9.45;9.45;0;9.45;0;6;1084;19;NULL;"tZ9okEfrWwwB1Pmse"
365;238;137793;1;19.25;19.25;0;19.25;0;6;1093;7;NULL;"44VWrZRjR994HguSyBa"
366;239;290291;2;21.46;42.92;0;42.92;0;6;1092;19;NULL;"7PtqJlSWEkgifNB2s"
377;250;257877;4;23.03;92.12;0;92.12;0;6;1105;19;NULL;"u764QamWicI402kV"
379;252;535636;2;7.68;15.36;0;15.36;0;6;1108;19;NULL;"TQuK0Ud6AQD4ZBRdu0x"
380;253;227701;5;19.64;98.2;0;98.2;0;6;1110;19;NULL;"HuBtcCcwQAQzrCID"
381;254;535636;5;7.68;38.4;0;38.4;0;6;1112;19;NULL;"TQuK0Ud6AQD4ZBRdu0x"
384;257;104488;5;27.64;138.2;0;138.2;0;6;1116;7;NULL;"mLyIP6eFtMNaMg55rJYE"
385;258;297141;1;37.07;37.07;0;37.07;0;6;1118;19;NULL;"3Yl63hjHXx0QAOlfDo35"
386;258;86125;1;5.29;5.29;0;5.29;0;6;1118;7;NULL;"zoVYXg0nSUxV1EPb"
388;260;122381;1;62.5;62.5;0;62.5;0;6;1121;7;NULL;"TnSLMjvBYlZvEcMuoyn"
392;263;157885;2;21.23;42.46;0;42.46;0;6;1126;7;NULL;"Rbssrw0CH8DmBlP0QE"
393;263;83012;1;12.56;12.56;0;12.56;0;6;1126;19;NULL;"sgGeiLVgz1FfbophlHQ"
395;265;373301;2;18.66;37.32;0;37.32;0;6;1129;7;NULL;"0cZbtUvPN1t2eA1fjP"
399;269;499716;1;26.98;26.98;0;26.98;0;6;1134;7;NULL;"j29pbEQX1ImMuMuq"
401;271;253910;2;60.52;121.04;0;121.04;0;6;1137;7;NULL;"RZ9W6USC0DD7dUlOu"
402;272;81618;5;8.05;40.25;0;40.25;0;6;1139;19;NULL;"CGyYRamWlnLCNamxQd"
403;273;179438;3;10.4;31.2;0;31.2;0;6;1141;19;NULL;"T9EEWr1e51J6Kn1P3"
404;273;159281;1;11.71;11.71;0;11.71;0;6;1141;19;NULL;"s8jkG8hCfu2Cd6X8K"
405;273;318758;1;4.07;4.07;0;4.07;0;6;1141;19;NULL;"eIAYpBjgPW7v6tYdn3m5"
406;273;298790;1;8.15;8.15;0;8.15;0;6;1141;19;NULL;"e6nMCBtqMIltMYOa0LR"
407;274;28447;15;1.91;28.65;0;28.65;0;6;1143;7;NULL;"Hd76VwI4iRNjk4qCh"
408;274;91481;1;13.15;13.15;0;13.15;0;6;1143;7;NULL;"JvApBt9efKsJliLu0u"
409;275;460010;15;2.92;43.8;0;43.8;0;6;1145;7;NULL;"QBF0UsI9flSl44FuwIhQ"
414;280;110491;3;12.62;37.86;0;37.86;0;6;1152;19;NULL;"QIh7mcJZQGYe6HJtjJe"
419;283;188173;1;9.61;9.61;0;9.61;0;6;1156;19;NULL;"UNTU0WcNO1Zix7Zgxmp"
420;283;81616;1;11.84;11.84;0;11.84;0;6;1156;19;NULL;"oqh0t2JSYfaS8zxm7FKj"
421;283;81617;1;12.95;12.95;0;12.95;0;6;1156;19;NULL;"raro68CvKf0BZP0Y09"
422;283;121255;1;9.38;9.38;0;9.38;0;6;1156;19;NULL;"bqeeb979dNiIsbn3SLHJ"
423;284;121756;2;13.99;27.98;0;27.98;0;6;1158;7;NULL;"Jd0coRAGIP0PKiaXX"
442;291;117842;2;18.86;37.72;0;37.72;0;6;1168;19;NULL;"Luzk1IJq8QDdKc4STb"
446;295;370943;1;29.52;29.52;0;29.52;0;6;1173;19;NULL;"MKM1CSQjEJSD5YEcB"
453;300;79384;1;24.35;24.35;0;24.35;0;6;1180;7;NULL;"CEalqR6MneMgnFLD3d"
454;300;162911;1;22.26;22.26;0;22.26;0;6;1180;7;NULL;"7G0XDGxWi5jwa53lpr"
455;301;115933;2;27.99;55.98;0;55.98;0;6;1182;7;NULL;"2vOpbgL5stivKxbJY"
459;305;448118;1;29.52;29.52;0;29.52;0;6;1188;19;NULL;"IW180SWEnw1EML4ziy"
460;306;86428;1;24.74;24.74;0;24.74;0;6;1190;7;NULL;"LsXCVh2ZB7gGGcI"
461;306;157885;2;21.23;42.46;0;42.46;0;6;1190;7;NULL;"Rbssrw0CH8DmBlP0QE"
463;308;253910;6;60.52;363.12;0;363.12;0;6;1193;7;NULL;"RZ9W6USC0DD7dUlOu"
464;309;233868;2;33.54;67.08;0;67.08;0;6;1195;19;NULL;"Jsyec2BQX4QLZMdPBR"
467;312;527872;1;62.52;62.52;0;62.52;0;6;1201;19;NULL;"sdMLvR9XrKxR1NsZrE"
471;316;59052;1;9.03;9.03;0;9.03;0;6;1208;7;NULL;"OrS1vNvCfjd70sujP3Oo"
473;318;445848;1;12.39;12.39;0;12.39;0;6;1210;19;NULL;"jdz9oRV7ez8IvGTqo"
474;319;123061;1;19.51;19.51;0;19.51;0;6;1211;19;NULL;"rjTffSt9fucakCk4bFQ"
477;322;90811;4;24.43;97.72;0;97.72;0;6;1215;19;NULL;"WFl2eYud9jDZs5QOuW8"
484;325;114892;1;90.09;90.09;0;90.09;0;6;1219;7;NULL;"4ikjY1PVLimtmdRZe"
485;325;118727;1;15.67;15.67;0;15.67;0;6;1219;19;NULL;"oTReyEQoZLWB2TMJdo4"
486;325;439695;1;12.8;12.8;0;12.8;0;6;1219;19;NULL;"vthnX6uOWzthQ2RGt2M"
491;330;104244;1;12.56;12.56;0;12.56;0;6;1226;19;NULL;"aHFAPAVqviyYgqBpUh"
492;330;80363;1;6.04;6.04;0;6.04;0;6;1226;19;NULL;"dkZ3gooUXnff3PL4Nt4"
493;330;499716;1;26.98;26.98;0;26.98;0;6;1226;7;NULL;"j29pbEQX1ImMuMuq"
497;334;123061;3;19.51;58.53;0;58.53;0;6;1233;19;NULL;"rjTffSt9fucakCk4bFQ"
498;335;58779;1;17.71;17.71;0;17.71;0;6;1235;19;NULL;"wconttvQxhdaohBq1PB"
499;335;327640;3;8.92;26.76;0;26.76;0;6;1235;19;NULL;"1a81b2WRVCW4svI7VCUg"
500;335;247489;3;10.68;32.04;0;32.04;0;6;1235;19;NULL;"aFrSLElxFKjN6w5OTkH"
501;335;58781;4;18.2;72.8;0;72.8;0;6;1235;19;NULL;"2ieOgKFyFHeEWRmY"
504;338;500331;1;14.61;14.61;0;14.61;0;6;1239;7;NULL;"OtZJgQLDKiQ5mQRUrhO"
509;342;154504;1;30.59;30.59;0;30.59;0;6;1245;19;NULL;"mraR1OLdaPVsVvtuq"
510;342;130474;1;23.16;23.16;0;23.16;0;6;1245;19;NULL;"JxXJoT6hQwyhYX1SqXE"
512;344;65567;1;40.54;40.54;0;40.54;0;6;1248;7;NULL;"NELnk0JzBY6EJvKMgU"
515;346;519982;1;49.21;49.21;0;49.21;0;6;1251;7;NULL;"gRVlr76b4wquHqHpn"
516;346;63354;1;13.34;13.34;0;13.34;0;6;1251;19;NULL;"GOMDSWEpjkMbB3Ee7bWp"
518;348;90811;2;24.43;48.86;0;48.86;0;6;1254;19;NULL;"WFl2eYud9jDZs5QOuW8"
525;351;328712;1;14.69;14.69;0;14.69;0;6;1258;19;NULL;"h9W4erlvbJEobeysNnW"
526;351;110045;1;9.03;9.03;0;9.03;0;6;1258;19;NULL;"tJcoOuygBolPnrNu"
527;351;110044;1;17.07;17.07;0;17.07;0;6;1258;19;NULL;"gf6Gu4uJBksIzhmIFJy"
532;354;81083;2;17.29;34.58;0;34.58;0;6;1262;19;NULL;"brYJum2NDhGU8aHZ"
533;354;122567;1;23.65;23.65;0;23.65;0;6;1262;19;NULL;"Ie1NnryXrBdPbhr2m"
534;354;81097;1;12.51;12.51;0;12.51;0;6;1262;19;NULL;"iW9EQxxu9OXAwGzH"
537;356;303652;2;17.48;34.96;0;34.96;0;6;1265;19;NULL;"j8ndsQIN5o3xVwC0O"
538;356;303656;1;12.07;12.07;0;12.07;0;6;1265;19;NULL;"sEIJ2VxoJnrUSsTEXvbK"
539;357;82449;15;5.8;87;0;87;0;6;1267;19;NULL;"0HehzqeobbtMS0Merpx"
544;360;461880;2;1.39;2.78;0;2.78;0;6;1271;19;NULL;"SJduG8LZ2vfF080RP"
545;360;178314;2;10.5;21;0;21;0;6;1271;19;NULL;"ELnN4kjW1pZTbXPXla6"
546;361;460249;1;159.81;159.81;0;159.81;0;6;1273;19;NULL;"T1Q4A2WaYgGGp7ud"
548;363;297141;3;37.07;111.21;0;111.21;0;6;1276;19;NULL;"3Yl63hjHXx0QAOlfDo35"
551;366;157885;2;21.23;42.46;0;42.46;0;6;1281;7;NULL;"Rbssrw0CH8DmBlP0QE"
556;371;203420;1;97.69;97.69;0;97.69;0;6;1288;19;NULL;"8kETvhzMsx886dNCS"
557;372;359417;1;49;49;0;49;0;6;1290;19;NULL;"3swkM6uzh4z7ZcNuwY"
558;373;92531;1;41.34;41.34;0;41.34;0;6;1292;7;NULL;"vPaJFAAGAUJ9aw52hiyX"
559;373;82471;2;8.73;17.46;0;17.46;0;6;1292;19;NULL;"NlILfBwK4OqSQVIMS2tn"
560;373;122014;1;23.07;23.07;0;23.07;0;6;1292;7;NULL;"sDaDBYZsaayKczmI3pR2"
565;375;437193;1;13.97;13.97;0;13.97;0;6;1295;7;NULL;"Fl1i4u6OFpmzoC7Sxq0"
566;375;262866;1;19.13;19.13;0;19.13;0;6;1295;7;NULL;"gcqc5EYtMcxJJdPqO8"
567;375;80079;1;35.01;35.01;0;35.01;0;6;1295;19;NULL;"sJWTadVw4DWNLUNF"
568;375;84823;1;22.98;22.98;0;22.98;0;6;1295;19;NULL;"5IDkCvxCXeULzhgE"
569;376;157330;1;153.42;153.42;0;153.42;0;6;1297;19;NULL;"1vrA3Ra9yzh3E1jstA"
574;378;122879;1;22.72;22.72;0;22.72;0;6;1300;19;NULL;"nC3dVvOTkDPi7K6bt5"
575;378;122756;1;6.62;6.62;0;6.62;0;6;1300;19;NULL;"QLkj0gyHx4n4C3b7c"
576;378;84061;1;9.55;9.55;0;9.55;0;6;1300;19;NULL;"AbwKgaAwv17aoTlI"
577;378;249325;1;1.6;1.6;0;1.6;0;6;1300;19;NULL;"ojnbN9FhcYu4IqTn"
579;380;120231;15;8.64;129.6;0;129.6;0;6;1303;7;NULL;"SM9uzOxRLXTdOVeH07S"
580;381;71685;1;48.91;48.91;0;48.91;0;6;1305;7;NULL;"LC4gnxNT7w6CxEbi1Yi"
586;387;203421;1;90.51;90.51;0;90.51;0;6;1313;19;NULL;"Z1lBo78tfTUB7Vyj4K"
587;388;310368;1;8.74;8.74;0;8.74;0;6;1315;7;NULL;"EWLVFbVnlPOlebkYl"
588;388;79579;1;30.64;30.64;0;30.64;0;6;1315;7;NULL;"L4n7EOHOn87e4QJkMe"
591;391;461492;1;9.78;9.78;0;9.78;0;6;1320;7;NULL;"Y59PI766kL4ZXefR0R"
592;392;460382;2;20.16;40.32;0;40.32;0;6;1321;7;NULL;"neGq3T7IN7P7oiwZ"
593;393;321586;9;35.67;321.03;0;321.03;0;6;1323;19;NULL;"7M3LKYYL3AZbgACX"
594;394;91624;4;33.72;134.88;0;134.88;0;6;1324;7;NULL;"D2k3vHNiB06ufWWoZ"
599;399;519982;1;49.21;49.21;0;49.21;0;6;1330;7;NULL;"gRVlr76b4wquHqHpn"
600;400;312963;1;87.04;87.04;0;87.04;0;6;1332;7;NULL;"yABfbOkeeSdPi470ZAU"
603;402;436278;1;23.14;23.14;0;23.14;0;6;1335;7;NULL;"ddDVOCrFfZWKkB2Tgsx7"
604;402;433542;1;23.17;23.17;0;23.17;0;6;1335;7;NULL;"DbanfHvftjodNJB"
605;403;461492;3;9.78;29.34;0;29.34;0;6;1337;7;NULL;"Y59PI766kL4ZXefR0R"
606;403;79425;1;13.99;13.99;0;13.99;0;6;1337;7;NULL;"FBtdx84h2zdknl2"
608;405;119906;5;20.93;104.65;0;104.65;0;6;1340;7;NULL;"gTcsRmtu9FC69iVF6"
611;408;1617;1;46.41;46.41;0;46.41;0;6;1345;19;NULL;"OlD8KVpowygdqnt"
613;410;287111;1;24.96;24.96;0;24.96;0;6;1347;19;NULL;"munh0Ry4FJHdjsa7IJ"
617;414;80180;2;47.68;95.36;0;95.36;0;6;1352;19;NULL;"n5eKEJ5vpY1mkvBhKz7s"
618;415;248818;3;65.8;197.4;0;197.4;0;6;1354;19;NULL;"Im0VPO8BwieASgYaeu"
619;416;120237;12;38.46;461.52;0;461.52;0;6;1356;7;NULL;"Zrj9nY9fbaWZ4IuTB"
623;420;82449;7;5.8;40.6;0;40.6;0;6;1362;19;NULL;"0HehzqeobbtMS0Merpx"
624;421;108598;2;7.29;14.58;0;14.58;0;6;1364;7;NULL;"yOHiYijKP2zpXrqwfO"
626;423;120231;8;8.64;69.12;0;69.12;0;6;1369;7;NULL;"SM9uzOxRLXTdOVeH07S"
627;424;120239;8;29.63;237.04;0;237.04;0;6;1370;7;NULL;"EorBIrCXEnffV4CS"
628;425;108598;2;7.29;14.58;0;14.58;0;6;1372;7;NULL;"yOHiYijKP2zpXrqwfO"
635;429;103238;2;9.45;18.9;0;18.9;0;6;1378;19;NULL;"nd439EVhsKnu0EX"
636;429;122674;1;23.21;23.21;0;23.21;0;6;1378;7;NULL;"Xd9Tq55gEy1WezW5I14"
637;430;120239;12;29.63;355.56;0;355.56;0;6;1369;7;NULL;"EorBIrCXEnffV4CS"
640;433;350931;1;75.54;75.54;0;75.54;0;6;1384;19;NULL;"Cd1HT54TTMit4shwDY"
643;436;79389;1;20.99;20.99;0;20.99;0;6;1389;19;NULL;"3RuDY4jFOrJvv9xQ6q"
644;437;108598;15;7.29;109.35;0;109.35;0;6;1391;7;NULL;"yOHiYijKP2zpXrqwfO"
646;439;289921;2;11.87;23.74;0;23.74;0;6;1394;19;NULL;"WYDtpyDs4T2mRuUI2Wq"
650;441;91104;1;32.9;32.9;0;32.9;0;6;1397;19;NULL;"i3WARENPXTIgc0H"
651;441;73774;1;16.55;16.55;0;16.55;0;6;1397;7;NULL;"fnhzLK9uVQHMnTTm31H"
652;441;98410;1;15.36;15.36;0;15.36;0;6;1397;7;NULL;"VSuqJRR3HqSbfveGraI"
655;444;108598;10;7.29;72.9;0;72.9;0;6;1402;7;NULL;"yOHiYijKP2zpXrqwfO"
657;446;108598;15;7.29;109.35;0;109.35;0;6;1405;7;NULL;"yOHiYijKP2zpXrqwfO"
658;447;135748;1;16.78;16.78;0;16.78;0;6;1407;19;NULL;"PmXSURwPaAueSuunu"
660;449;108598;3;7.29;21.87;0;21.87;0;6;1410;7;NULL;"yOHiYijKP2zpXrqwfO"
662;451;159281;2;11.71;23.42;0;23.42;0;6;1413;19;NULL;"s8jkG8hCfu2Cd6X8K"
670;455;121205;5;17.47;87.35;0;87.35;0;6;1420;19;NULL;"qMr15EyLnxTX6qEhs"
676;457;160893;1;28.85;28.85;0;28.85;0;6;1423;19;NULL;"ihgyxwZ4hvwgcn9XY"
677;458;68791;2;23.26;46.52;0;46.52;0;6;1425;19;NULL;"S4BxJU5eNDbgEEAr46aB"
679;460;162508;1;18.83;18.83;0;18.83;0;6;1428;7;NULL;"zdmhxKFWCcXnYpwhObMw"
682;463;80180;2;47.68;95.36;0;95.36;0;6;1433;19;NULL;"n5eKEJ5vpY1mkvBhKz7s"
683;464;153236;2;38.58;77.16;0;77.16;0;6;1434;19;NULL;"ezKZ7iG9szLqEH96Mmxv"
698;472;159278;1;7.41;7.41;0;7.41;0;6;1442;19;NULL;"oZW3AmNTq5oSfkPWZD"
699;472;177515;1;12.57;12.57;0;12.57;0;6;1442;19;NULL;"5bC5ktQWQ3izYZ4eocmP"
702;474;433542;1;23.17;23.17;0;23.17;0;6;1445;7;NULL;"DbanfHvftjodNJB"
703;474;117332;1;14.03;14.03;0;14.03;0;6;1445;19;NULL;"KbzAJCXqwKBzpmi"
706;477;139881;1;142.69;142.69;0;142.69;0;6;1450;19;NULL;"MFcul9DmyyjtaXo"
707;478;461172;5;8.56;42.8;0;42.8;0;6;1452;7;NULL;"M3Dge0JPgLOlj0p3"
709;480;81618;10;8.05;80.5;0;80.5;0;6;1455;19;NULL;"CGyYRamWlnLCNamxQd"
711;482;82449;15;5.8;87;0;87;0;6;1458;19;NULL;"0HehzqeobbtMS0Merpx"
713;484;196272;1;101.7;101.7;0;101.7;0;6;1461;19;NULL;"npu1ddNKvJeGkYgL"
714;485;460656;2;15.52;31.04;0;31.04;0;6;1463;19;NULL;"BUKFGBbOzQxauDFZn"
718;487;121205;2;17.47;34.94;0;34.94;0;6;1467;19;NULL;"qMr15EyLnxTX6qEhs"
721;490;114892;1;90.09;90.09;0;90.09;0;6;1472;7;NULL;"4ikjY1PVLimtmdRZe"
723;492;438632;1;32.06;32.06;0;32.06;0;6;1474;19;NULL;"3RLXhe8g09KXZi0"
727;494;494882;1;17.43;17.43;0;17.43;0;6;1478;7;NULL;"53XI5TdZUwZVVJkDZ9S"
728;494;121030;1;18.66;18.66;0;18.66;0;6;1478;7;NULL;"huow1OlF82BEDyowO"
729;494;82429;1;4.29;4.29;0;4.29;0;6;1478;19;NULL;"JsBnbdGZYq2r5sLxo"
731;496;137119;3;20.08;60.24;0;60.24;0;6;1481;7;NULL;"L78zYhja1upLzzGDVh"
733;498;81116;2;25.99;51.98;0;51.98;0;6;1484;19;NULL;"HSpT7rjN5f6PUJF6"
734;499;81116;3;25.99;77.97;0;77.97;0;6;1486;19;NULL;"HSpT7rjN5f6PUJF6"
735;500;310849;1;29.22;29.22;0;29.22;0;6;1488;19;NULL;"Ob5pxnixbsN2kEgJ4D2"
736;501;90811;15;24.43;366.45;0;366.45;0;6;1490;19;NULL;"WFl2eYud9jDZs5QOuW8"
738;503;122726;7;5.84;40.88;0;40.88;0;6;1493;19;NULL;"KJZecqgGq1u2d1ww4"
741;506;122726;4;5.84;23.36;0;23.36;0;6;1498;19;NULL;"KJZecqgGq1u2d1ww4"
743;508;131600;1;7.87;7.87;0;7.87;0;6;1500;7;NULL;"4s6IlbsrDzTaMVyCWf0Z"
744;509;214168;2;11.9;23.8;0;23.8;0;6;1502;19;NULL;"mDnGPJcwcUtgUix"
746;511;81102;2;21.86;43.72;0;43.72;0;6;1505;19;NULL;"dy4suRScCz0xCF4M"
748;513;84747;1;14.13;14.13;0;14.13;0;6;1509;19;NULL;"W95VCqr3skinpriM0N"
749;513;81059;1;6.2;6.2;0;6.2;0;6;1509;19;NULL;"nyCI9tsMBBNYpOzySz"
750;513;81103;1;21.86;21.86;0;21.86;0;6;1509;19;NULL;"AeY5ujBCsvJZ3lw8HF"
751;513;79714;1;6.28;6.28;0;6.28;0;6;1509;19;NULL;"y02i3iKJLcx41Q3XGu"
760;522;215989;6;13.24;79.44;0;79.44;0;6;1519;19;NULL;"BvObwX5iEFF4Xcjl"
761;523;123061;3;19.51;58.53;0;58.53;0;6;1522;19;NULL;"rjTffSt9fucakCk4bFQ"
763;525;120282;1;4.68;4.68;0;4.68;0;6;1525;7;NULL;"Fk6po9HLg50qX6sV8aQ"
764;526;115092;1;18.51;18.51;0;18.51;0;6;1527;19;NULL;"y53lpUat3N5bXyE"
765;527;296334;2;9.42;18.84;0;18.84;0;6;1529;7;NULL;"8CL3gqxn4SShb9BM40"
766;528;80180;1;47.68;47.68;0;47.68;0;6;1531;19;NULL;"n5eKEJ5vpY1mkvBhKz7s"
769;530;85794;1;27.93;27.93;0;27.93;0;6;1534;7;NULL;"9fPFXWoN8EKUNnki"
770;530;475952;1;36.41;36.41;0;36.41;0;6;1534;7;NULL;"JojR39N0Y88apMgnAy"
771;531;215989;6;13.24;79.44;0;79.44;0;6;1536;19;NULL;"BvObwX5iEFF4Xcjl"
773;533;107231;10;12.45;124.5;0;124.5;0;6;1539;19;NULL;"x07Br7kWFkWDBn1Dh7v"
778;536;80463;1;11.64;11.64;0;11.64;0;6;1543;7;NULL;"xuTG79OjAsJbwwR1"
779;536;459700;2;17.47;34.94;0;34.94;0;6;1543;7;NULL;"Is2W9p8LgpcK4fl"
782;539;114892;1;90.09;90.09;0;90.09;0;6;1547;7;NULL;"4ikjY1PVLimtmdRZe"
784;541;189098;4;18.81;75.24;0;75.24;0;6;1550;19;NULL;"owgVsjnQPSs6sB7LcQ"
786;543;162506;1;11.55;11.55;0;11.55;0;6;1553;7;NULL;"zR2yZJFvYP7EUkTiM"
787;544;81822;3;13.87;41.61;0;41.61;0;6;1555;19;NULL;"CWqDAoQpBD1YKXKhWhbH"
788;545;519982;1;49.21;49.21;0;49.21;0;6;1557;7;NULL;"gRVlr76b4wquHqHpn"
789;546;81871;3;18.01;54.03;0;54.03;0;6;1559;19;NULL;"P1Za5G5mFq3GhiArOi"
790;547;315845;1;40.27;40.27;0;40.27;0;6;1561;19;NULL;"EDMqaejRzEJNtfVcDh2A"
793;550;110769;1;79.86;79.86;0;79.86;0;6;1566;7;NULL;"VeJVXefbFJkoM2ipLRxn"
795;552;434031;1;20.94;20.94;0;20.94;0;6;1569;19;NULL;"qAhtjuf7F9BdzFxZ5"
796;553;306265;3;30.43;91.29;0;91.29;0;6;1570;19;NULL;"rBUZe89TKng4M6E3jW"
800;557;102978;1;7.01;7.01;0;7.01;0;6;1577;19;NULL;"a2xsNxq0I4a7mjD"
801;558;101980;2;20.93;41.86;0;41.86;0;6;1579;19;NULL;"gw0wfF9BCNBM36E"
803;560;499266;1;8.48;8.48;0;8.48;0;6;1582;19;NULL;"hVMenw2WS1pIdW7x"
804;561;435807;2;19.51;39.02;0;39.02;0;6;1584;19;NULL;"Utp0Qfo804psuHIjmRPg"
805;561;103443;1;55.93;55.93;0;55.93;0;6;1584;7;NULL;"hyQ1mIjKPvhipUnrQw2"
806;561;7841;2;24.43;48.86;0;48.86;0;6;1584;7;NULL;"2X7OHTH5qvY9EGDo"
807;561;7427;2;27.26;54.52;0;54.52;0;6;1584;19;NULL;"Trh91IFrzqYVxitgmDhB"
813;567;79579;5;30.64;153.2;0;153.2;0;6;1594;7;NULL;"L4n7EOHOn87e4QJkMe"
815;569;369004;1;19.38;19.38;0;19.38;0;6;1597;19;NULL;"cop3WPYZnLFFuoVX5"
816;570;115079;3;9.45;28.35;0;28.35;0;6;1599;19;NULL;"tZ9okEfrWwwB1Pmse"
817;570;243792;1;4.77;4.77;0;4.77;0;6;1599;19;NULL;"HmbWn7EISUaceucbxg"
826;579;346065;2;55.23;110.46;0;110.46;0;6;1609;19;NULL;"lK4NNQUCNuChe1inmAD"
827;580;457462;6;11.79;70.74;0;70.74;0;6;1611;7;NULL;"5EPGdEVIJKc41JBIZbPM"
830;583;81648;15;19.34;290.1;0;290.1;0;6;1615;19;NULL;"SBssH4UuL21coG9HiB0"
833;585;91864;1;25.76;25.76;0;25.76;0;6;1618;19;NULL;"NpHbh2vUW136KiCRaw"
834;585;102029;1;22.42;22.42;0;22.42;0;6;1618;19;NULL;"JziA7VRGmOjRscRk"
836;587;81827;1;21.62;21.62;0;21.62;0;6;1622;19;NULL;"XGEmOjcKWXiDXlodX"
837;587;453451;1;19.69;19.69;0;19.69;0;6;1622;19;NULL;"7f4vmDJU3THS5YRe"
841;591;86902;2;19.93;39.86;0;39.86;0;6;1627;7;NULL;"uYD3W982O8jEFikqvr"
846;594;79806;2;10.35;20.7;0;20.7;0;6;1631;19;NULL;"X1oWZ4mDtFW5je2yK4"
847;594;81722;5;2.76;13.8;0;13.8;0;6;1631;19;NULL;"bVUVuD70Noy9GwRywMK"
848;594;81687;2;11.06;22.12;0;22.12;0;6;1631;19;NULL;"6v6MXoVigplDEBnWpGk"
857;599;83693;1;16.67;16.67;0;16.67;0;6;1638;19;NULL;"dOVsHcp9XkB0m2C"
858;599;78016;1;6.26;6.26;0;6.26;0;6;1638;19;NULL;"wRbLmZbvVDCdsJrYQXYz"
859;600;83693;1;16.67;16.67;0;16.67;0;6;1640;19;NULL;"dOVsHcp9XkB0m2C"
860;600;108296;1;12.78;12.78;0;12.78;0;6;1640;19;NULL;"MXIkaqsb4R7bI8Uy"
861;600;80169;1;7.68;7.68;0;7.68;0;6;1640;19;NULL;"pOhugfqFUVziegn"
862;600;85265;1;5.95;5.95;0;5.95;0;6;1640;19;NULL;"BbL5yf3WmOwgjDmYOizn"
863;601;203204;1;28.77;28.77;0;28.77;0;6;1642;19;NULL;"TS6NVFmfp7GZOcAm"
864;601;83693;1;16.67;16.67;0;16.67;0;6;1642;19;NULL;"dOVsHcp9XkB0m2C"
873;606;80510;3;22.56;67.68;0;67.68;0;6;1648;19;NULL;"te31AFMthFnlKmdg1sS"
874;606;79530;1;13.93;13.93;0;13.93;0;6;1648;19;NULL;"IrDjH2fCTYmHCrLXU"
878;608;86971;1;14.39;14.39;0;14.39;0;6;1651;19;NULL;"KNSk9brAsBQiQPLAftU"
879;608;80523;6;3.56;21.36;0;21.36;0;6;1651;19;NULL;"JE7QI3mzD2pIplyTq3"
880;608;262498;2;3.56;7.12;0;7.12;0;6;1651;19;NULL;"JqvVIH50bqmzuUSq"
881;609;83693;4;16.67;66.68;0;66.68;0;6;1653;19;NULL;"dOVsHcp9XkB0m2C"
883;611;83693;2;16.67;33.34;0;33.34;0;6;1656;19;NULL;"dOVsHcp9XkB0m2C"
888;615;107231;5;12.45;62.25;0;62.25;0;6;1662;19;NULL;"x07Br7kWFkWDBn1Dh7v"
889;615;247674;1;21.46;21.46;0;21.46;0;6;1662;19;NULL;"qg3th6GU6TZvf46l"
894;618;108367;1;12.46;12.46;0;12.46;0;6;1667;7;NULL;"8IyxXDtzam4VBqE"
895;618;122785;1;11.13;11.13;0;11.13;0;6;1667;7;NULL;"8wvZm24Kc9uJuE3Ji4SQ"
896;618;460382;1;20.16;20.16;0;20.16;0;6;1667;7;NULL;"neGq3T7IN7P7oiwZ"
897;619;173915;3;13.23;39.69;0;39.69;0;6;1668;19;NULL;"SGQUvsQYLToU67SHYCU"
898;619;80639;1;3.67;3.67;0;3.67;0;6;1668;7;NULL;"S0vKHGQvV6TemOJ7QKD"
901;622;106945;1;25.76;25.76;0;25.76;0;6;1672;19;NULL;"J2nntXtDCOayKlVB6kun"
905;626;464418;1;174.25;174.25;0;174.25;0;6;1677;7;NULL;"IkzNdEgMO6wwcZXKOhgl"
907;628;464418;4;174.25;697;0;697;0;6;1680;7;NULL;"IkzNdEgMO6wwcZXKOhgl"
910;630;533344;1;29.19;29.19;0;29.19;0;6;1684;7;NULL;"0vfrFgP4qYGzTuws2"
911;630;107875;1;29.82;29.82;0;29.82;0;6;1684;7;NULL;"t0Cpqf6T9YeBOvoakNm"
915;633;106594;1;48.54;48.54;0;48.54;0;6;1689;19;NULL;"zSdzgHCNlh8xhb9OU"
916;633;3312;2;10.47;20.94;0;20.94;0;6;1689;7;NULL;"1OMiSdH7UlbbHvX2c"
917;634;122381;2;62.5;125;0;125;0;6;1691;7;NULL;"TnSLMjvBYlZvEcMuoyn"
918;635;240908;6;17.97;107.82;0;107.82;0;6;1693;7;NULL;"HdyhEoDhDzG3Fxry"
919;636;79734;1;25.05;25.05;0;25.05;0;6;1696;19;NULL;"vV2yDY1WHZCc5Pcysn"
920;636;369004;1;19.38;19.38;0;19.38;0;6;1696;19;NULL;"cop3WPYZnLFFuoVX5"
921;636;79370;1;5.26;5.26;0;5.26;0;6;1696;19;NULL;"I22ViDzxvWN5OyIic"
922;637;464623;1;17.85;17.85;0;17.85;0;6;1698;7;NULL;"nGtlwuufSNrFK938ltP"
923;637;105279;1;12.19;12.19;0;12.19;0;6;1698;7;NULL;"WnJYg86zBZCcQa7n"
924;637;91613;1;10.28;10.28;0;10.28;0;6;1698;7;NULL;"TGi7lSSTvjvy0NoQv"
925;638;494729;2;19.53;39.06;0;39.06;0;6;1700;19;NULL;"HWBrTDhm4QOCim13"
926;638;461492;1;9.78;9.78;0;9.78;0;6;1700;7;NULL;"Y59PI766kL4ZXefR0R"
930;642;296953;3;2.99;8.97;0;8.97;0;6;1706;19;NULL;"45zZC0ORYQwlvtApHFw"
931;643;471114;6;27.24;163.44;0;163.44;0;6;1708;7;NULL;"9RxALSNuN81VMFkGRnp"
933;645;121275;10;1.43;14.3;0;14.3;0;6;1711;19;NULL;"3gD1I5vYqpcjzlHMHl"
934;646;179440;3;8.9;26.7;0;26.7;0;6;1713;19;NULL;"yKj0eGmn52BRfTU4"
935;646;318758;1;4.07;4.07;0;4.07;0;6;1713;19;NULL;"eIAYpBjgPW7v6tYdn3m5"
936;646;317300;2;8.15;16.3;0;16.3;0;6;1713;19;NULL;"MmzQRyEiCmgkkQ2D"
937;647;104710;1;13.95;13.95;0;13.95;0;6;1715;19;NULL;"3KS5txJLFJ7eadQuM4"
941;651;461419;5;22.49;112.45;0;112.45;0;6;1720;7;NULL;"xf19cYIKY0uoLPbgkZ"
947;657;236510;4;10.05;40.2;0;40.2;0;6;1729;19;NULL;"8gOrPFArbtluhPWeV"
950;659;116379;15;3.24;48.6;0;48.6;0;6;1733;19;NULL;"q825O4ntA3Dqbi8"
956;665;516112;1;44.27;44.27;0;44.27;0;6;1741;19;NULL;"vxIrrSRyaG0km9AF"
958;667;472527;2;37.57;75.14;0;75.14;0;6;1743;19;NULL;"Cjh9yWDGgxzpMnVS"
960;669;104710;2;13.95;27.9;0;27.9;0;6;1746;19;NULL;"3KS5txJLFJ7eadQuM4"
961;670;120239;8;29.63;237.04;0;237.04;0;6;1748;7;NULL;"EorBIrCXEnffV4CS"
963;672;461488;2;13.77;27.54;0;27.54;0;6;1751;7;NULL;"DpbG9D2w2AWbORiJ5Tp"
965;674;464458;4;13.27;53.08;0;53.08;0;6;1754;7;NULL;"Agn8wXKIUjTuhgSMQrmE"
982;679;519976;1;62.28;62.28;0;62.28;0;6;1761;7;NULL;"gTe7PLFoSaipYVfHXHd"
983;680;522136;1;45.25;45.25;0;45.25;0;6;1763;19;NULL;"Y6YqkwwtV4B32fhEBX"
988;682;79916;4;6.85;27.4;0;27.4;0;6;1766;19;NULL;"O4ThwyDhtVVoHxY"
989;682;81722;2;2.76;5.52;0;5.52;0;6;1766;19;NULL;"bVUVuD70Noy9GwRywMK"
990;682;90675;1;5.01;5.01;0;5.01;0;6;1766;19;NULL;"UTJ332vq8mWWjYDfb0"
991;682;118869;1;7.27;7.27;0;7.27;0;6;1766;19;NULL;"ZhMkM7xaFXWaUT4J"
1005;688;518206;1;20.98;20.98;0;20.98;0;6;1774;19;NULL;"s7BWqR9dCXXIKocA"
1006;688;68425;1;6.44;6.44;0;6.44;0;6;1774;19;NULL;"BmhJNWB3c99xT4psk"
1007;688;68424;1;6.95;6.95;0;6.95;0;6;1774;7;NULL;"iXT65DqzyI9w73Dc"
1008;689;500332;4;11.92;47.68;0;47.68;0;6;1776;7;NULL;"8i4ZY7MA2tksgNU2Ac4"
1010;691;109752;2;24.99;49.98;0;49.98;0;6;1779;19;NULL;"UkRws1IjLwiyNBh0M6M"
1011;692;464458;1;13.27;13.27;0;13.27;0;6;1780;7;NULL;"Agn8wXKIUjTuhgSMQrmE"
1012;693;120239;10;29.63;296.3;0;296.3;0;6;1782;7;NULL;"EorBIrCXEnffV4CS"
1014;695;120392;4;10.72;42.88;0;42.88;0;6;1785;7;NULL;"rsaEEe6F0OpG3MDVReZp"
1018;699;287453;1;2.6;2.6;0;2.6;0;6;1790;7;NULL;"QogK5rSMBKc2zZYVx"
1024;703;516717;6;8.19;49.14;0;49.14;0;6;1795;7;NULL;"DjPBMFPC48uL0L3QIJHg"
1025;704;81856;1;12.47;12.47;0;12.47;0;6;1797;19;NULL;"L3iXm6Zckshdo6i9WVj"
1026;704;81827;1;21.62;21.62;0;21.62;0;6;1797;19;NULL;"XGEmOjcKWXiDXlodX"
1027;704;106245;2;5.28;10.56;0;10.56;0;6;1797;19;NULL;"0JIb4zyAOEAVdxMRI"
1032;706;159281;2;11.71;23.42;0;23.42;0;6;1800;19;NULL;"s8jkG8hCfu2Cd6X8K"
1033;706;179438;2;10.4;20.8;0;20.8;0;6;1800;19;NULL;"T9EEWr1e51J6Kn1P3"
1034;706;318758;1;4.07;4.07;0;4.07;0;6;1800;19;NULL;"eIAYpBjgPW7v6tYdn3m5"
1035;706;298790;2;8.15;16.3;0;16.3;0;6;1800;19;NULL;"e6nMCBtqMIltMYOa0LR"
1039;708;81753;1;1.28;1.28;0;1.28;0;6;1803;19;NULL;"gVmjEVk2WjdMi6ZnXT"
1040;708;570882;4;9.86;39.44;0;39.44;0;6;1803;7;NULL;"3bIKZRrfGwe9D5sKA"
1041;708;80536;2;0.55;1.1;0;1.1;0;6;1803;19;NULL;"1q0YKIdPNkHtMqC3Q"
1042;709;85698;4;11.27;45.08;0;45.08;0;6;1805;7;NULL;"BDxFeMuvy3IUqahJ9QQ"
1045;711;81144;1;9.3;9.3;0;9.3;0;6;1808;19;NULL;"XQ1of1pbxCy1JAo3"
1046;711;438632;1;32.06;32.06;0;32.06;0;6;1808;19;NULL;"3RLXhe8g09KXZi0"
1047;712;227701;1;19.64;19.64;0;19.64;0;6;1810;19;NULL;"HuBtcCcwQAQzrCID"
1051;714;326396;4;7.87;31.48;0;31.48;0;6;1813;19;NULL;"oMP1CSc2Hv1M5wK31n"
1052;714;81502;1;5.03;5.03;0;5.03;0;6;1813;19;NULL;"U9WgOg5CO5kVc0Pn"
1053;714;85897;1;5.43;5.43;0;5.43;0;6;1813;19;NULL;"oMmZJdWayEUA3Mf"
1054;715;500331;1;14.61;14.61;0;14.61;0;6;1815;7;NULL;"OtZJgQLDKiQ5mQRUrhO"
1057;718;122879;1;22.72;22.72;0;22.72;0;6;1819;19;NULL;"nC3dVvOTkDPi7K6bt5"
1060;720;81856;1;12.47;12.47;0;12.47;0;6;1822;19;NULL;"L3iXm6Zckshdo6i9WVj"
1061;720;83617;2;21.45;42.9;0;42.9;0;6;1822;19;NULL;"T2mMgH1e1GNddia"
1062;721;499716;1;26.98;26.98;0;26.98;0;6;1824;7;NULL;"j29pbEQX1ImMuMuq"
1063;721;76565;1;6.68;6.68;0;6.68;0;6;1824;19;NULL;"2l7dQnxLMfeSJTaKpGlY"
1064;721;69181;1;5.8;5.8;0;5.8;0;6;1824;19;NULL;"YlaEU7EElQaQKezjL"
1065;721;80687;1;11.95;11.95;0;11.95;0;6;1824;19;NULL;"DJ7VQrJrmFC5pfdJt4"
1072;726;212681;5;19.33;96.65;0;96.65;0;6;1831;19;NULL;"UOVo5Z5qfEzoYJA"
1073;727;472578;2;27.83;55.66;0;55.66;0;6;1833;7;NULL;"upaGIlZAONUx27ysL"
1074;728;112433;10;5.14;51.4;0;51.4;0;6;1835;19;NULL;"lJonQ0PcnIktc4txECis"
1077;730;497965;2;6.83;13.66;0;13.66;0;6;1838;19;NULL;"Fij4aWWi4o8sjG45b"
1078;730;497935;2;17.64;35.28;0;35.28;0;6;1838;19;NULL;"knnFnD9oAv1bJoQR7nf"
1079;731;81116;10;25.99;259.9;0;259.9;0;6;1840;19;NULL;"HSpT7rjN5f6PUJF6"
1080;732;119145;1;6.26;6.26;0;6.26;0;6;1842;19;NULL;"IHvpRKRxmXJYLhSyes"
1082;734;472578;3;27.83;83.49;0;83.49;0;6;1846;7;NULL;"upaGIlZAONUx27ysL"
1086;736;121385;1;29.11;29.11;0;29.11;0;6;1849;7;NULL;"iogEXKUPfeFLmyE"
1087;736;118549;1;9.65;9.65;0;9.65;0;6;1849;19;NULL;"2j1Zs0RvasLa87PlSrv"
1088;736;79723;1;6.62;6.62;0;6.62;0;6;1849;19;NULL;"PAYt3miUe04XFh1U20s"
1090;738;589831;1;24.47;24.47;0;24.47;0;6;1854;7;NULL;"JvtYWlD2Zm8fJbjl"
1092;740;570882;5;9.86;49.3;0;49.3;0;6;1857;7;NULL;"3bIKZRrfGwe9D5sKA"
1093;741;83562;5;17.43;87.15;0;87.15;0;6;1859;7;NULL;"hiTuItSsweB6NIzwK"
1103;751;320140;3;16.17;48.51;0;48.51;0;6;1871;7;NULL;"LTQi2eWLzHYlnAoeoXGT"
1104;752;644494;1;20.52;20.52;0;20.52;0;6;1873;19;NULL;"WhqocvxAsMGiiNN9Ej"
1105;752;79686;1;19.59;19.59;0;19.59;0;6;1873;19;NULL;"tgO46KMfvoamhq595"
1111;756;80876;2;7.67;15.34;0;15.34;0;6;1879;19;NULL;"Sge6B93ZKmtpUckcR"
1113;758;173915;1;13.23;13.23;0;13.23;0;6;1882;19;NULL;"SGQUvsQYLToU67SHYCU"
1114;759;106059;1;27.99;27.99;0;27.99;0;6;1884;19;NULL;"I7a1DKECmrh16gyzeHBV"
1115;760;83562;6;17.43;104.58;0;104.58;0;6;1886;7;NULL;"hiTuItSsweB6NIzwK"
1122;763;287150;2;9.5;19;0;19;0;6;1890;19;NULL;"0JbFTzdoW2fmMnUoRH"
1123;763;86199;1;12.72;12.72;0;12.72;0;6;1890;19;NULL;"FoKZxX1q0aVPKqoq0U"
1124;763;86201;1;11.72;11.72;0;11.72;0;6;1890;19;NULL;"naQUcmbSYcr77PP"
1127;765;81116;2;25.99;51.98;0;51.98;0;6;1893;19;NULL;"HSpT7rjN5f6PUJF6"
1128;765;81876;1;11.85;11.85;0;11.85;0;6;1893;19;NULL;"cV9hrGZVQfHWpTDDWoNX"
1129;766;571485;3;30.22;90.66;0;90.66;0;6;1895;19;NULL;"OUxGgufL1Gmv6eYO"
1133;769;274314;6;7.06;42.36;0;42.36;0;6;1900;7;NULL;"Yo7Dv9gt3TUTX8axF"
1135;771;327484;1;40.86;40.86;0;40.86;0;6;1903;19;NULL;"cqnvdqgYuTVbJEvy1"
1143;776;369004;1;19.38;19.38;0;19.38;0;6;1909;19;NULL;"cop3WPYZnLFFuoVX5"
1144;776;79413;1;6.47;6.47;0;6.47;0;6;1909;19;NULL;"8tZ1z3ghAXYkwbJ"
1145;777;83562;5;17.43;87.15;0;87.15;0;6;1911;7;NULL;"hiTuItSsweB6NIzwK"
1147;779;83562;5;17.43;87.15;0;87.15;0;6;1913;7;NULL;"hiTuItSsweB6NIzwK"
1150;782;348173;5;8.51;42.55;0;42.55;0;6;1918;7;NULL;"3ngEC27NiL8bzsK4Iv"
1151;783;133513;1;34.65;34.65;0;34.65;0;6;1919;7;NULL;"bKcAXP4omN0nHDMnqs"
1154;785;155360;1;34.14;34.14;0;34.14;0;6;1922;19;NULL;"eN2xa8ho78nZsWDT"
1155;785;79969;1;8.96;8.96;0;8.96;0;6;1922;19;NULL;"iLbc1cet0PZcTxQLe9hb"
1156;786;573666;2;10.32;20.64;0;20.64;0;6;1924;7;NULL;"AUowDT8qi1lQiVarsL"
1159;788;257998;2;30.59;61.18;0;61.18;0;6;1927;19;NULL;"7yTSOI4F2ihK98X4qdVp"
1160;788;154504;1;30.59;30.59;0;30.59;0;6;1927;19;NULL;"mraR1OLdaPVsVvtuq"
1161;789;570882;5;9.86;49.3;0;49.3;0;6;1929;7;NULL;"3bIKZRrfGwe9D5sKA"
1163;791;530125;2;36.66;73.32;0;73.32;0;6;1933;7;NULL;"ZaYsS6o5xSHkMpkvf7"
1165;793;643505;2;20.58;41.16;0;41.16;0;6;1936;7;NULL;"T4dak33vwvNLq5z"
1167;795;122879;2;22.72;45.44;0;45.44;0;6;1940;19;NULL;"nC3dVvOTkDPi7K6bt5"
1168;795;79715;3;19.29;57.87;0;57.87;0;6;1940;19;NULL;"8QOLwBeExbrDMGaNJ"
1169;796;520002;2;22.38;44.76;0;44.76;0;6;1942;19;NULL;"7QNIizxAtWxPn4Lpq3"
1171;798;162508;2;18.83;37.66;0;37.66;0;6;1945;7;NULL;"zdmhxKFWCcXnYpwhObMw"
1173;800;502408;5;12.9;64.5;0;64.5;0;6;1948;19;NULL;"JifdoP2Y67DmjUIl51t"
1174;801;240908;3;17.97;53.91;0;53.91;0;6;1950;7;NULL;"HdyhEoDhDzG3Fxry"
1175;802;107538;2;4.27;8.54;0;8.54;0;6;1952;19;NULL;"WVtFQWlvGmGNsENPGAhQ"
1176;802;115631;1;12.07;12.07;0;12.07;0;6;1952;19;NULL;"7nLHKOYHl6PeWO9yVHdn"
1177;803;520002;2;22.38;44.76;0;44.76;0;6;1954;19;NULL;"7QNIizxAtWxPn4Lpq3"
1178;804;644759;1;11.38;11.38;0;11.38;0;6;1956;7;NULL;"18psqN0B55wuZ4w6q0K"
1179;804;228007;1;27.7;27.7;0;27.7;0;6;1956;7;NULL;"1x4ItYJbGEHEe14Wp"
1180;804;108792;1;16.45;16.45;0;16.45;0;6;1956;7;NULL;"eayy5H30hzitmZNs"
1181;805;149498;1;40.26;40.26;0;40.26;0;6;1958;7;NULL;"PQzOugQXFPBiuPp"
1184;808;570847;10;4.41;44.1;0;44.1;0;6;1963;19;NULL;"TiD46QGkAmmj61Qq"
1185;809;137790;1;21.21;21.21;0;21.21;0;6;1964;7;NULL;"YGq05wlF3NWLwaK8p"
1186;810;159281;1;11.71;11.71;0;11.71;0;6;1965;19;NULL;"s8jkG8hCfu2Cd6X8K"
1195;815;472534;1;150.23;150.23;0;150.23;0;6;1971;19;NULL;"b1gfvfFq9X4I2JjRFG"
1196;815;534576;1;7.14;7.14;0;7.14;0;6;1971;19;NULL;"KMTnfMzseHcyu3HEDth"
1206;819;1157;1;9.88;9.88;0;9.88;0;6;1976;7;NULL;"C7gPyF13KSWYWJcsYW"
1207;819;114336;1;11.87;11.87;0;11.87;0;6;1976;7;NULL;"YqbwZsO0AgfLspVxY"
1208;819;296334;2;9.42;18.84;0;18.84;0;6;1976;7;NULL;"8CL3gqxn4SShb9BM40"
1211;821;81876;4;11.85;47.4;0;47.4;0;6;1979;19;NULL;"cV9hrGZVQfHWpTDDWoNX"
1212;821;577322;1;9.86;9.86;0;9.86;0;6;1979;19;NULL;"5D4XTu3QWQwzqU3UEh"
1215;823;81083;3;17.29;51.87;0;51.87;0;6;1983;19;NULL;"brYJum2NDhGU8aHZ"
1216;824;532921;2;32.93;65.86;0;65.86;0;6;1985;7;NULL;"FL8LxwVl12grolekYWgo"
1217;825;635824;1;29.61;29.61;0;29.61;0;6;1987;7;NULL;"NSs91zSAbJjQm5UHHRKj"
1224;829;121385;3;29.11;87.33;0;87.33;0;6;1992;7;NULL;"iogEXKUPfeFLmyE"
1225;829;107088;1;26.98;26.98;0;26.98;0;6;1992;7;NULL;"Sdgihb2AmHAjQXS2"
1229;832;257877;2;23.03;46.06;0;46.06;0;6;1995;19;NULL;"u764QamWicI402kV"
1230;832;85459;1;2.68;2.68;0;2.68;0;6;1995;7;NULL;"Rc8TOn4K8JD9zV6"
1233;835;361443;2;39.26;78.52;0;78.52;0;6;1999;7;NULL;"Ov0hTaGYhIq1boY"
1262;843;632633;1;5.9;5.9;0;5.9;0;6;2008;19;NULL;"mjFrQjbwdiX4GGLxm1"
1263;843;100416;1;8.26;8.26;0;8.26;0;6;2008;19;NULL;"ZXjCLe566KoFUc0X8l7"
1264;843;79370;1;6.93;6.93;0;6.93;0;6;2008;19;NULL;"I22ViDzxvWN5OyIic"
1265;843;470445;2;22.69;45.38;0;45.38;0;6;2008;19;NULL;"Hz4SqR2H0gCOZSLgABK"
1266;844;499716;1;26.98;26.98;0;26.98;0;6;2010;7;NULL;"j29pbEQX1ImMuMuq"
1267;845;574702;1;11.23;11.23;0;11.23;0;6;2012;7;NULL;"IOhR06BkWohvyOWn2u3"
1268;845;574703;1;13.6;13.6;0;13.6;0;6;2012;7;NULL;"IRziNlQNZ5HoIrUyL3Ku"
1269;845;621513;1;12.55;12.55;0;12.55;0;6;2012;7;NULL;"ejb4StOvE60w9GpQ"
1270;845;118833;1;9.24;9.24;0;9.24;0;6;2012;7;NULL;"MawetUm2Iz7LngXPI"
1277;848;159313;1;15.74;15.74;0;15.74;0;6;2016;19;NULL;"YXyO4xHhGMGvsEbH"
1278;848;81085;1;17.29;17.29;0;17.29;0;6;2016;19;NULL;"Y0gKheeDv1fUL7NKfqJ"
1279;848;295707;1;20.63;20.63;0;20.63;0;6;2016;19;NULL;"m1nsdzMGHWUNCTc"
1281;850;461492;1;9.78;9.78;0;9.78;0;6;2019;7;NULL;"Y59PI766kL4ZXefR0R"
1285;852;633333;1;31.76;31.76;0;31.76;0;6;2022;19;NULL;"clxacQZrT6tFaqOBL"
1286;852;320140;1;16.17;16.17;0;16.17;0;6;2022;7;NULL;"LTQi2eWLzHYlnAoeoXGT"
1287;852;288983;1;4.27;4.27;0;4.27;0;6;2022;19;NULL;"nYACF60GXj81t7Jh9ys0"
1288;853;81083;2;17.29;34.58;0;34.58;0;6;2024;19;NULL;"brYJum2NDhGU8aHZ"
1289;853;81085;1;17.29;17.29;0;17.29;0;6;2024;19;NULL;"Y0gKheeDv1fUL7NKfqJ"
1293;855;633113;1;6.65;6.65;0;6.65;0;6;2027;19;NULL;"LcPeoFM1wyYHTAo4Bc5"
1294;855;76456;1;20.99;20.99;0;20.99;0;6;2027;19;NULL;"coF4jTWfzgSO9zteA"
1295;855;79389;1;20.99;20.99;0;20.99;0;6;2027;19;NULL;"3RuDY4jFOrJvv9xQ6q"
1296;856;90811;3;24.43;73.29;0;73.29;0;6;2029;19;NULL;"WFl2eYud9jDZs5QOuW8"
1297;857;178315;3;10.5;31.5;0;31.5;0;6;2031;19;NULL;"Lgpg4w8IOKQZ6fWMdp"
1299;859;460249;1;159.81;159.81;0;159.81;0;6;2034;19;NULL;"T1Q4A2WaYgGGp7ud"
1301;861;79389;2;20.99;41.98;0;41.98;0;6;2037;19;NULL;"3RuDY4jFOrJvv9xQ6q"
1302;862;80538;1;4.53;4.53;0;4.53;0;6;2039;19;NULL;"dFNz0F9o8G3DPS3xGzz"
1303;862;80185;1;7.69;7.69;0;7.69;0;6;2039;19;NULL;"olhdCnLRXqTA2AB8Gp"
1304;862;79489;1;30.73;30.73;0;30.73;0;6;2039;19;NULL;"n7FEf7EbyPiJ1l5h7QbH"
1305;862;122535;1;26.98;26.98;0;26.98;0;6;2039;19;NULL;"FYgKyga4mJmGOOTwdZ3"
1309;866;79389;3;20.99;62.97;0;62.97;0;6;2044;19;NULL;"3RuDY4jFOrJvv9xQ6q"
1310;867;82493;1;11.14;11.14;0;11.14;0;6;2046;19;NULL;"EQ97yJEbTJr1lrdIm7B"
1311;868;461492;2;9.78;19.56;0;19.56;0;6;2048;7;NULL;"Y59PI766kL4ZXefR0R"
1313;870;80180;1;47.68;47.68;0;47.68;0;6;2051;19;NULL;"n5eKEJ5vpY1mkvBhKz7s"
1316;873;82616;1;14.62;14.62;0;14.62;0;6;2055;19;NULL;"BxVEiTZcsi1lIxp64T"
1320;877;103387;1;9.14;9.14;0;9.14;0;6;2061;19;NULL;"9RqJJRHhNAaMCJk"
1321;877;103360;1;5.36;5.36;0;5.36;0;6;2061;19;NULL;"JFgrZhAhExCYE7HD5P"
1322;877;83198;1;12.44;12.44;0;12.44;0;6;2061;19;NULL;"E1DyZNkq634bRK2KJnJ"
1323;877;93855;1;13.43;13.43;0;13.43;0;6;2061;19;NULL;"2cRpKz7BGnXYUHW8gF"
1324;877;80704;1;10.44;10.44;0;10.44;0;6;2061;19;NULL;"NhbnWTCxPjkD0bofERl"
1325;877;89267;1;5.36;5.36;0;5.36;0;6;2061;19;NULL;"9KBTIc6e333Mp8DobyL6"
1328;880;532921;2;32.93;65.86;0;65.86;0;6;2066;7;NULL;"FL8LxwVl12grolekYWgo"
1330;882;116566;1;60.26;60.26;0;60.26;0;6;2069;19;NULL;"ipDyAEBdmtohtiHrJ"
1332;884;93430;2;22.92;45.84;0;45.84;0;6;2072;19;NULL;"SzXjq8fNtLBNenR9ow"
1340;892;499716;3;26.98;80.94;0;80.94;0;6;2081;7;NULL;"j29pbEQX1ImMuMuq"
1344;894;215987;1;13.24;13.24;0;13.24;0;6;2084;19;NULL;"8v8Vzff0flgNoG2M"
1345;894;80170;1;25.96;25.96;0;25.96;0;6;2084;19;NULL;"4AtnZCisRFyO7MYDUcR"
1346;894;632625;1;5;5;0;5;0;6;2084;19;NULL;"XSnz7WqCUr5p91bGstiv"
1347;895;86394;2;31.17;62.34;0;62.34;0;6;2086;19;NULL;"1VoY31zUjgkKWFE"
1348;896;81083;3;17.29;51.87;0;51.87;0;6;2088;19;NULL;"brYJum2NDhGU8aHZ"
1349;897;598194;1;81.72;81.72;0;81.72;0;6;2090;19;NULL;"bjGClpXWLqnOPMeZVaQ0"
1354;901;100456;1;10.26;10.26;0;10.26;0;6;2095;19;NULL;"MgVcvexjVBQLx69C"
1355;901;80643;1;54.49;54.49;0;54.49;0;6;2095;7;NULL;"7Se7qOPRmuCgVLWlTfSG"
1356;902;472578;2;27.83;55.66;0;55.66;0;6;2096;7;NULL;"upaGIlZAONUx27ysL"
1357;902;115511;1;22.39;22.39;0;22.39;0;6;2096;19;NULL;"43hkSOii0Xmu5Tzy"
1358;903;183200;2;20.96;41.92;0;41.92;0;6;2098;7;NULL;"oAkU2xrYGwUoK7erSsg7"
1359;904;162504;1;26.11;26.11;0;26.11;0;6;2100;7;NULL;"Ux3ofs00gYWBJDXbU7"
1360;905;130277;1;21.75;21.75;0;21.75;0;6;2102;19;NULL;"BNXUUFkPnTPglkZbZI"
1364;909;435164;1;17.5;17.5;0;17.5;0;6;2108;7;NULL;"J3zzorIb6Av8QIrUME"
1371;914;254750;1;54.78;54.78;0;54.78;0;6;2114;7;NULL;"diVyFqM9mKLmzcxjY7k"
1372;914;87239;1;65.57;65.57;0;65.57;0;6;2114;19;NULL;"u7a3A4RNAIdB10btH4Cu"
1373;914;122801;1;55.35;55.35;0;55.35;0;6;2114;7;NULL;"Mg0hycMCMSA9qg3"
1375;916;120801;3;24.92;74.76;0;74.76;0;6;2116;19;NULL;"JbWYBh688f7ZgdEQpW"
1378;918;112936;1;7.09;7.09;0;7.09;0;6;2119;7;NULL;"tzfAmnnCFt6MXYah6T"
1379;918;297721;1;34;34;0;34;0;6;2119;19;NULL;"Lrp5X3AuYy6gaYCL5w"
1380;919;81639;2;6.98;13.96;0;13.96;0;6;2121;19;NULL;"zn7XA8uKMnHZZmTad6"
1381;919;105787;1;14.45;14.45;0;14.45;0;6;2121;19;NULL;"UYsm029Du8xFna5ipW7"
1382;919;118133;1;41.81;41.81;0;41.81;0;6;2121;7;NULL;"2f7zHxKDQntVASlD"
1383;920;632767;1;9.44;9.44;0;9.44;0;6;2123;19;NULL;"kl3eDmiQPAXKHjm"
1384;920;93906;1;6.1;6.1;0;6.1;0;6;2123;19;NULL;"TNsyt0qwbph3yolsT2Qn"
1385;920;80525;2;1.84;3.68;0;3.68;0;6;2123;19;NULL;"GjLyW5z5vp73Sx1C"
1386;920;91134;4;13.71;54.84;0;54.84;0;6;2123;19;NULL;"FuTN7koH7bhARZKe"
1387;920;81763;2;6.98;13.96;0;13.96;0;6;2123;19;NULL;"x3bxu7R4ojwoydUABC"
1388;920;79858;1;22.18;22.18;0;22.18;0;6;2123;19;NULL;"fL2GZNgJAxQWJjqVB"
1389;920;104834;2;5.31;10.62;0;10.62;0;6;2123;19;NULL;"KiCHgZnnD6uiqLbM6FpP"
1390;920;454363;1;39.36;39.36;0;39.36;0;6;2123;7;NULL;"y5tE0rWmyHAsHlFxdx"
1393;923;625660;5;10.32;51.6;0;51.6;0;6;2127;7;NULL;"xFKeW8oaKK0C6Slh0"
1394;924;108854;2;7.77;15.54;0;15.54;0;6;2129;19;NULL;"UKhCXddiIDAu4Smt1q56"
1395;924;369827;2;6.97;13.94;0;13.94;0;6;2129;19;NULL;"JIIMtGM1PnruPLj21"
1396;925;633032;1;3.47;3.47;0;3.47;0;6;2131;19;NULL;"zeSq9FlPf3YpKoG"
1397;925;105837;1;23.68;23.68;0;23.68;0;6;2131;7;NULL;"du6iCeNnYsYHNdHoI"
1398;925;85680;1;10.46;10.46;0;10.46;0;6;2131;19;NULL;"Daau8ukgkTjPhl8fSE"
1399;925;431518;2;8.22;16.44;0;16.44;0;6;2131;7;NULL;"CWXH0cTfyCTfzZiP1t"
1402;927;193617;1;16.07;16.07;0;16.07;0;6;2134;19;NULL;"i9EbVMcGbjxfVDaQg7M"
1403;927;81096;2;13.28;26.56;0;26.56;0;6;2134;19;NULL;"azvymf3uIVp01ygVjjbz"
1412;929;95844;1;19.53;19.53;0;19.53;0;6;2137;7;NULL;"GCRm06nC1DiC1bf"
1413;929;87494;1;12.53;12.53;0;12.53;0;6;2137;7;NULL;"SVxNasKgP1vl8iSTPHO"
1414;929;116355;1;9.35;9.35;0;9.35;0;6;2137;19;NULL;"fZNPI9YgN8XQG9jD"
1415;929;79429;1;17.18;17.18;0;17.18;0;6;2137;19;NULL;"UEdPr5fSUGyGrpU"
1416;929;154563;1;5.58;5.58;0;5.58;0;6;2137;19;NULL;"yXI0cFM3NwwOcyKq"
1417;929;281191;1;34.73;34.73;0;34.73;0;6;2137;7;NULL;"7Spc2mH5kTmFLI8bMGq"
1418;929;118184;1;19.7;19.7;0;19.7;0;6;2137;7;NULL;"EZpqluQ3Kc6oAioQO"
1419;929;117388;1;27.23;27.23;0;27.23;0;6;2137;7;NULL;"PpBH5Nn61ZjozPXTx1kV"
1423;931;257877;1;23.03;23.03;0;23.03;0;6;2140;19;NULL;"u764QamWicI402kV"
1424;931;81085;1;17.29;17.29;0;17.29;0;6;2140;19;NULL;"Y0gKheeDv1fUL7NKfqJ"
1425;931;84890;1;3.01;3.01;0;3.01;0;6;2140;7;NULL;"FiqsNBFYmu2fOCIldsTP"
1466;936;85799;1;16.03;16.03;0;16.03;0;6;2146;7;NULL;"bJ2vPsg4G2BK6yNYWX"
1467;936;80117;1;22.53;22.53;0;22.53;0;6;2146;7;NULL;"VDeIxC1wHwkH1rZCEfY"
1468;936;94227;1;14.84;14.84;0;14.84;0;6;2146;7;NULL;"MTyNTYWZ807cKRdr"
1469;936;79451;1;12.22;12.22;0;12.22;0;6;2146;7;NULL;"L5La5oHlwTkFeUZbiur"
1470;936;115840;1;7.45;7.45;0;7.45;0;6;2146;7;NULL;"cDFc3UR12PdfXUZ4jD"
1471;936;115836;1;13.8;13.8;0;13.8;0;6;2146;7;NULL;"fQ5ydBdISO7Ugt6h"
1472;936;109736;1;17.43;17.43;0;17.43;0;6;2146;7;NULL;"D4jKR00PocwotCpfw"
1473;936;84740;1;13.99;13.99;0;13.99;0;6;2146;7;NULL;"2QWCK7r0C9TnqrB7q"
1474;936;461172;1;8.56;8.56;0;8.56;0;6;2146;7;NULL;"M3Dge0JPgLOlj0p3"
1475;936;459343;1;18.36;18.36;0;18.36;0;6;2146;7;NULL;"46a9kGxwiPCsIVaU"
1482;939;100584;1;4.6;4.6;0;4.6;0;6;2150;19;NULL;"qjS86LZWqxYfqOD"
1483;939;81507;1;7.52;7.52;0;7.52;0;6;2150;19;NULL;"GzVdKLhje5H6klzEtbmD"
1484;939;117615;1;68.32;68.32;0;68.32;0;6;2150;7;NULL;"2bktLwvOpeEdKKbMyx"
1485;940;154504;2;30.59;61.18;0;61.18;0;6;2152;19;NULL;"mraR1OLdaPVsVvtuq"
1486;940;64240;2;30.59;61.18;0;61.18;0;6;2152;19;NULL;"f2PrVAQp8pyj3j32z0Pm"
1499;945;80363;1;6.04;6.04;0;6.04;0;6;2159;19;NULL;"dkZ3gooUXnff3PL4Nt4"
1500;945;85362;1;3.58;3.58;0;3.58;0;6;2159;19;NULL;"M9NIfimpKCgkdRw0"
1509;947;179408;1;11.18;11.18;0;11.18;0;6;2162;19;NULL;"mq8ipmxc675LgS58UrK"
1510;947;80387;1;4.03;4.03;0;4.03;0;6;2162;19;NULL;"mCha4xgDP9854moeSEC7"
1511;947;632737;1;6.79;6.79;0;6.79;0;6;2162;19;NULL;"RjWhAXn79OA5C9g0T"
1512;947;79836;1;6.79;6.79;0;6.79;0;6;2162;19;NULL;"YovIvrBST6QZZWu"
1513;947;632729;1;8.14;8.14;0;8.14;0;6;2162;19;NULL;"NDLxX0Dr3C9oQ1wb7v2"
1514;947;84032;1;9.07;9.07;0;9.07;0;6;2162;19;NULL;"V89WQw0kCGpyp2gvbOFz"
1515;947;108710;1;4.72;4.72;0;4.72;0;6;2162;19;NULL;"cnt4B2OsWARZBFWL7HBc"
1516;947;455706;2;7.14;14.28;0;14.28;0;6;2162;7;NULL;"IEZcZqOd9cRUDChoCqcD"
1520;951;455422;1;48.27;48.27;0;48.27;0;6;2169;7;NULL;"QTLEP3XBIw4IhkSpp"
1522;953;79863;5;12.44;62.2;0;62.2;0;6;2172;19;NULL;"36F1uEWqPfjwRNj8eYlq"
1523;954;634374;1;29.54;29.54;0;29.54;0;6;2174;19;NULL;"hvdwO5fwnLjRFZFh0"
1524;955;100480;2;15.57;31.14;0;31.14;0;6;2176;19;NULL;"tabioQPB37ey3ov"
1525;955;85401;1;4.3;4.3;0;4.3;0;6;2176;19;NULL;"MhKcJ7UWTgLvzKAIS"
1526;955;84868;2;6.22;12.44;0;12.44;0;6;2176;19;NULL;"0LzBaLD1bxgB9IQbMB4W"
1536;959;81648;1;19.34;19.34;0;19.34;0;6;2182;19;NULL;"SBssH4UuL21coG9HiB0"
1537;959;85951;1;21.45;21.45;0;21.45;0;6;2182;19;NULL;"PWdm10KrtUOWITbmXo"
1538;959;92789;4;8.03;32.12;0;32.12;0;6;2182;19;NULL;"iPuNJnqZO1xZQtHMUk8"
1539;959;92073;3;8.43;25.29;0;25.29;0;6;2182;19;NULL;"rclL7TDnBajyzbVY8U"
1542;961;85983;1;10.12;10.12;0;10.12;0;6;2185;19;NULL;"ODqiRz9mehCBRqOKtp"
1543;961;117127;1;32.01;32.01;0;32.01;0;6;2185;19;NULL;"uvLRxej3tOl1COmDt3Fn"
1548;966;177515;2;12.57;25.14;0;25.14;0;6;2190;19;NULL;"5bC5ktQWQ3izYZ4eocmP"
1551;969;160893;4;28.85;115.4;0;115.4;0;6;2194;19;NULL;"ihgyxwZ4hvwgcn9XY"
1553;971;154210;6;11.72;70.32;0;70.32;0;6;2197;19;NULL;"IVXBXMrDTRZAaMqmCn"
1564;976;75888;1;15.26;15.26;0;15.26;0;6;2205;19;NULL;"WgXqud5xPggP0frP8gEN"
1565;976;85204;1;4.24;4.24;0;4.24;0;6;2205;7;NULL;"ZzJnpXeEdEHpahHSoz"
1566;976;79682;1;16.03;16.03;0;16.03;0;6;2205;19;NULL;"mXEEQA3qHC1Tv8BflY1k"
1567;977;100480;1;15.57;15.57;0;15.57;0;6;2207;19;NULL;"tabioQPB37ey3ov"
1568;977;122865;1;5.92;5.92;0;5.92;0;6;2207;19;NULL;"IG122dP7uhnDauDG"
1569;977;633145;1;18.86;18.86;0;18.86;0;6;2207;19;NULL;"ACkB3vvB70m8vkmGwNjb"
1576;981;215987;3;13.24;39.72;0;39.72;0;6;2212;19;NULL;"8v8Vzff0flgNoG2M"
1577;981;93804;2;6.62;13.24;0;13.24;0;6;2212;19;NULL;"QzX5rZgFMUGSs3pDt8"
1580;984;632643;6;7.34;44.04;0;44.04;0;6;2216;19;NULL;"lVsuucD3Dn38hnbc4rf1"
1581;985;83292;4;18.36;73.44;0;73.44;0;6;2218;19;NULL;"nzRCMbNOArHxglfz"
1586;990;83382;3;9.28;27.84;0;27.84;0;6;2226;19;NULL;"ORx6NR087WLldP3HO"
1601;992;632682;1;10.75;10.75;0;10.75;0;6;2229;19;NULL;"TQlcWdkVkzwcfGn"
1602;992;73616;3;3.74;11.22;0;11.22;0;6;2229;7;NULL;"fnaJpnXFlbnKjuc2D"
1603;992;81722;5;3.86;19.3;0;19.3;0;6;2229;19;NULL;"bVUVuD70Noy9GwRywMK"
1604;992;102202;1;7.46;7.46;0;7.46;0;6;2229;19;NULL;"zul1U3kYHJXmMGi1J"
1605;992;81876;2;13.99;27.98;0;27.98;0;6;2229;19;NULL;"cV9hrGZVQfHWpTDDWoNX"
1606;992;79944;2;8.24;16.48;0;16.48;0;6;2229;19;NULL;"y3QLaIatAeABQmHpMP7"
1607;992;79735;2;10.3;20.6;0;20.6;0;6;2229;19;NULL;"XIVNsRC9JawiAQ07Q8Yo"
1608;992;186587;2;7.13;14.26;0;14.26;0;6;2229;19;NULL;"lHiC3JsuiE1nwhkkL5FK"
1609;992;83399;1;12.01;12.01;0;12.01;0;6;2229;19;NULL;"dDL34To4eEvZr7syqE"
1610;992;81724;2;9.08;18.16;0;18.16;0;6;2229;19;NULL;"dsWtcUYqQJ57Hb8Sb6V"
1611;992;83238;2;16.28;32.56;0;32.56;0;6;2229;19;NULL;"e5yDKDaPDB0S3Xa9Vu"
1612;992;83385;1;3.14;3.14;0;3.14;0;6;2229;19;NULL;"lNkEnvcpKEN0PqK"
1613;992;81686;1;7.98;7.98;0;7.98;0;6;2229;19;NULL;"SNAeobKI1RGxE5qDq0dZ"
1614;992;85148;7;3.49;24.43;0;24.43;0;6;2229;7;NULL;"JmMlQy45M3JiSONG"
1615;993;79370;1;6.93;6.93;0;6.93;0;6;2231;19;NULL;"I22ViDzxvWN5OyIic"
1616;993;254919;1;3.21;3.21;0;3.21;0;6;2231;19;NULL;"QXk4vUld0Vw1ypKs"
1617;993;117368;1;35.4;35.4;0;35.4;0;6;2231;19;NULL;"cuURjAHcc0AZpEVa"
1618;993;79638;1;24.66;24.66;0;24.66;0;6;2231;7;NULL;"ZAXU84p64mBGYdrTTfMF"
1620;995;1617;3;46.41;139.23;0;139.23;0;6;2234;19;NULL;"OlD8KVpowygdqnt"
1623;998;442417;1;30.66;30.66;0;30.66;0;6;2239;19;NULL;"5r1GtkRtUjpJcKX"
1637;1003;85296;3;9.44;28.32;0;28.32;0;6;2245;19;NULL;"HwmQnzn3FRJSaEDCs"
1638;1003;577322;1;9.86;9.86;0;9.86;0;6;2245;19;NULL;"5D4XTu3QWQwzqU3UEh"
1639;1003;115834;1;35.4;35.4;0;35.4;0;6;2245;19;NULL;"Fml7Grv8AVGfB1e"
1640;1003;632603;2;12.59;25.18;0;25.18;0;6;2245;19;NULL;"p6HVnbEJXzdgeUp"
1644;1005;81876;2;13.99;27.98;0;27.98;0;6;2248;19;NULL;"cV9hrGZVQfHWpTDDWoNX"
1645;1005;81724;2;9.08;18.16;0;18.16;0;6;2248;19;NULL;"dsWtcUYqQJ57Hb8Sb6V"
1646;1005;80536;2;1.34;2.68;0;2.68;0;6;2248;19;NULL;"1q0YKIdPNkHtMqC3Q"
1647;1006;125369;1;17.36;17.36;0;17.36;0;6;2250;19;NULL;"kdekrrBGBbVgg8aOHF"
1649;1008;500331;1;14.61;14.61;0;14.61;0;6;2253;7;NULL;"OtZJgQLDKiQ5mQRUrhO"
1650;1009;461487;3;11.1;33.3;0;33.3;0;6;2255;7;NULL;"WGzb3P8A92dMZixsB4R"
1651;1010;183200;1;20.96;20.96;0;20.96;0;6;2257;7;NULL;"oAkU2xrYGwUoK7erSsg7"
1654;1013;213758;2;62.62;125.24;0;125.24;0;6;2261;19;NULL;"xh2XpxiRwZERxhIqWe"
1655;1014;373045;10;3.37;33.7;0;33.7;0;6;2263;19;NULL;"5gBEZy7inyuEKSs"
1657;1016;83460;4;11.02;44.08;0;44.08;0;6;2266;19;NULL;"v3F8VwOF5H2r0HenP7mB"
1658;1017;644752;1;28.88;28.88;0;28.88;0;6;2268;7;NULL;"e6TVNabK2LszCoAY20ZJ"
1663;1022;83460;3;11.02;33.06;0;33.06;0;6;2275;19;NULL;"v3F8VwOF5H2r0HenP7mB"
1664;1022;93581;1;6.29;6.29;0;6.29;0;6;2275;19;NULL;"C23Q6JKd3x4VoiI1tA1Z"
1665;1022;331154;1;1.33;1.33;0;1.33;0;6;2275;19;NULL;"SpWjcznlUxWRdwkKoQo"
1666;1023;217402;1;9.35;9.35;0;9.35;0;6;2277;19;NULL;"7K8vWVipB1lXKfunK"
1667;1023;79636;1;25.2;25.2;0;25.2;0;6;2277;7;NULL;"JCnXlveUfZdUZsx2rbM"
1668;1023;87945;1;14.66;14.66;0;14.66;0;6;2277;7;NULL;"lUXK1ydB5h5QUPL"
1669;1023;104697;1;11.79;11.79;0;11.79;0;6;2277;19;NULL;"MRdSQTby5vFsZ0AtUyDH"
1670;1024;287162;4;8.71;34.84;0;34.84;0;6;2278;7;NULL;"aYZePxkxAr0KVMg3"
1673;1027;572923;3;18.66;55.98;0;55.98;0;6;2282;7;NULL;"HEdwJL99BQ7q60LT"
1676;1030;499716;2;26.98;53.96;0;53.96;0;6;2286;7;NULL;"j29pbEQX1ImMuMuq"
1677;1031;92303;1;46.92;46.92;0;46.92;0;6;2288;19;NULL;"54NrER37q01S0OaNx"
1690;1036;79533;2;4.88;9.76;0;9.76;0;6;2294;19;NULL;"S3ikUWpPO6abIaexUjXP"
1691;1036;79998;1;2.96;2.96;0;2.96;0;6;2294;19;NULL;"CLIfbI58upHVoXQZeE3"
1692;1036;121385;1;29.11;29.11;0;29.11;0;6;2294;7;NULL;"iogEXKUPfeFLmyE"
1715;1047;296953;10;2.99;29.9;0;29.9;0;6;2307;19;NULL;"45zZC0ORYQwlvtApHFw"
1717;1049;494706;2;20.96;41.92;0;41.92;0;6;2310;19;NULL;"yny1fqqHHbU6Ip0Ks"
1719;1051;107712;1;38.17;38.17;0;38.17;0;6;2313;19;NULL;"vI2kClLZIyNjg45hN4p"
1722;1053;479128;1;39.13;39.13;0;39.13;0;6;2316;19;NULL;"7LBCYzG5FnuoaXSE"
1723;1053;614089;1;43.47;43.47;0;43.47;0;6;2316;7;NULL;"lprjPN9gOUmdK35x1kSK"
1730;1056;556568;1;16.11;16.11;0;16.11;0;6;2320;7;NULL;"5LyGNOgcSd9iMPLYmE"
1731;1056;121395;1;26.75;26.75;0;26.75;0;6;2320;7;NULL;"VQ0uZ8lRvJiEu3Nm4kq"
1732;1056;120885;1;44.88;44.88;0;44.88;0;6;2320;7;NULL;"U6TWXEHp3VtDtt3"
1735;1058;445641;1;13.28;13.28;0;13.28;0;6;2323;19;NULL;"Z29IkrCHPl7vDahQQr"
1736;1058;79489;1;30.73;30.73;0;30.73;0;6;2323;19;NULL;"n7FEf7EbyPiJ1l5h7QbH"
1737;340;674764;2;20.94;41.88;0;41.88;0;6;1242;19;NULL;"1uM0ISfEb2fL20PLLWZRzFLg"
1744;1061;633427;3;17.36;52.08;0;52.08;0;6;2327;19;NULL;"aurmFK1Rd5xHb6bRBov9"
1745;1061;553684;1;37.51;37.51;0;37.51;0;6;2327;19;NULL;"rH4ipxp42geQMZz"
1746;1061;400772;1;20.64;20.64;0;20.64;0;6;2327;19;NULL;"LFsTSruZzgsG7DaQ"
1822;1067;4133;1;7.64;7.64;0;7.64;0;6;2334;19;NULL;"UYbROOVZJOmeNOdlvdVx"
1823;1067;632768;1;16.44;16.44;0;16.44;0;6;2334;19;NULL;"w2PZUC0g5fZOHfwkQPl"
1824;1067;632726;1;7.14;7.14;0;7.14;0;6;2334;19;NULL;"fdP7FG31SzcEzCr"
1825;1067;81637;1;8.64;8.64;0;8.64;0;6;2334;19;NULL;"MbwVPKJ3mkoVdlweR"
1826;1067;79730;1;27.09;27.09;0;27.09;0;6;2334;19;NULL;"Kh9NNfZtXHeZW9ePvQn"
1827;1067;83932;1;6.17;6.17;0;6.17;0;6;2334;19;NULL;"xGBTCwR1XIBUgtmJQIUs"
1828;1067;93996;2;3.16;6.32;0;6.32;0;6;2334;19;NULL;"ApdHzbaNMBSYWqBhikrk"
1829;1067;80646;1;4.65;4.65;0;4.65;0;6;2334;19;NULL;"mEsTbaCEElYq02ifhG"
1830;1067;79842;1;10.49;10.49;0;10.49;0;6;2334;19;NULL;"oVLg25RVtfIRPDnNn"
1831;1067;166594;1;8.05;8.05;0;8.05;0;6;2334;19;NULL;"fx70vZkecPEiCnVMw1ag"
1832;1067;79957;1;28.13;28.13;0;28.13;0;6;2334;19;NULL;"BgRkaV5jN0JFZZ0xT"
1833;1067;79570;1;9.7;9.7;0;9.7;0;6;2334;7;NULL;"CpyD3PbmByRsdfW"
1834;1067;80509;1;7.52;7.52;0;7.52;0;6;2334;19;NULL;"gqqgHAT7RCXeOHYtAz8h"
1835;1067;443965;1;3.81;3.81;0;3.81;0;6;2334;7;NULL;"5RBIEEIY4EF6ChDmBGEb"
1836;1067;361504;1;18.78;18.78;0;18.78;0;6;2334;7;NULL;"PoPdWqbMDxjP0l5Ox0"
1838;1069;264591;1;11.72;11.72;0;11.72;0;6;2337;19;NULL;"mqIpegw6a5s4qBDPF2w"
1840;1071;76995;4;13.04;52.16;0;52.16;0;6;823;19;NULL;"rgaIcivRdF874Tkxr"
1844;1073;79544;2;13.99;27.98;0;27.98;0;6;2343;19;NULL;"KpDxxZZoiZ3eipv"
1845;1073;80700;1;5.52;5.52;0;5.52;0;6;2343;19;NULL;"Z55scEsZtkuOTBR0Ch"
1846;1073;85230;1;7.35;7.35;0;7.35;0;6;2343;19;NULL;"jTLObGhPu8kUkMB5"
1858;1078;102493;1;10.63;10.63;0;10.63;0;6;2351;19;NULL;"g3Cq96udzCfEHhRVhfNe"
1859;1079;184406;5;10.18;50.9;0;50.9;0;6;2353;19;NULL;"i14bwAs6njMtp4cN3V"
1886;1086;459504;3;42.44;127.32;0;127.32;0;6;2362;19;NULL;"ztgLwLNuftcTDDDdcx"
1891;1088;88155;1;26.03;26.03;0;26.03;0;6;2364;7;NULL;"gbgdCs82P68EmI8bPjX"
1892;1088;439644;2;34.75;69.5;0;69.5;0;6;2364;7;NULL;"5p1f8hG5DWjQ2BU"
1893;1088;108361;1;24.36;24.36;0;24.36;0;6;2364;7;NULL;"LbPO0MIOc7t91TSSi3"
1894;1088;109602;2;15.39;30.78;0;30.78;0;6;2364;7;NULL;"3f9nrqBNMo7bn5FDsJX"
1895;1089;79574;1;47.14;47.14;0;47.14;0;6;2366;7;NULL;"3rYpi141dHBjfAyyhWk"
1896;1090;72245;2;27.77;55.54;0;55.54;0;6;2367;7;NULL;"5mvsEBUEbnteHD3"
1912;1092;4141;1;7.64;7.64;0;7.64;0;6;2370;19;NULL;"LsaxnsvwWi7OJDmbIJ"
1913;1092;633424;1;17.36;17.36;0;17.36;0;6;2370;19;NULL;"GLRGO5E1xfpHJ3JsN5"
1914;1092;633427;1;17.36;17.36;0;17.36;0;6;2370;19;NULL;"aurmFK1Rd5xHb6bRBov9"
1915;1092;93669;1;8.72;8.72;0;8.72;0;6;2370;19;NULL;"QNYCYk3dqIUeFD3k"
1916;1092;90721;1;16.73;16.73;0;16.73;0;6;2370;19;NULL;"QIgDmZcUEx6cjq26YPh"
1917;1092;116622;1;35.6;35.6;0;35.6;0;6;2370;7;NULL;"45xaSLIt4A1C75NiW"
1918;1092;79998;1;2.96;2.96;0;2.96;0;6;2370;19;NULL;"CLIfbI58upHVoXQZeE3"
1919;1092;84032;2;9.07;18.14;0;18.14;0;6;2370;19;NULL;"V89WQw0kCGpyp2gvbOFz"
1920;1092;84044;2;9.07;18.14;0;18.14;0;6;2370;19;NULL;"qFJcp97s1MRwzt7"
1921;1092;84033;2;9.07;18.14;0;18.14;0;6;2370;19;NULL;"kT8uqWpMSf9fSQjPY7a"
1922;1092;80275;2;17.13;34.26;0;34.26;0;6;2370;19;NULL;"WEMFbySzFShEhXOt"
1923;1092;79851;1;13.02;13.02;0;13.02;0;6;2370;19;NULL;"jdaYBt6jsGfqg7zPpsc"
1924;1092;281964;1;13.69;13.69;0;13.69;0;6;2370;19;NULL;"KiwfvQAaXDDo1IdhpkHJ"
1925;1092;443425;1;20.79;20.79;0;20.79;0;6;2370;7;NULL;"vmV61WrhaiyzpkV"
1926;1092;370023;1;13.96;13.96;0;13.96;0;6;2370;7;NULL;"K1KxuQSaiYsbhmWEE"
1931;1097;296343;5;8.06;40.3;0;40.3;0;6;2377;7;NULL;"2xZ5gobSFw4ol2a"
1932;1098;439644;3;34.75;104.25;0;104.25;0;6;2379;7;NULL;"5p1f8hG5DWjQ2BU"
1933;1098;79664;3;8.95;26.85;0;26.85;0;6;2379;19;NULL;"CglzDr88Qg5VvdoNab"
1935;1100;7250;5;4.33;21.65;0;21.65;0;6;2382;19;NULL;"0covR2uZQirOM2JftDaG"
1941;1105;215411;1;22.92;22.92;0;22.92;0;6;2390;19;NULL;"MAq5RihsjosIs0FFZqRo"
1946;1108;117241;5;9.5;47.5;0;47.5;0;6;2394;19;NULL;"rMZIX8J4IaYKuXVw"
1953;1111;118443;5;13.24;66.2;0;66.2;0;6;2399;19;NULL;"urj6te1y0K63qLlb"
1956;1114;88237;1;71.97;71.97;0;71.97;0;6;2404;19;NULL;"QNdm5ZQJjH8sEFezuDo"
1970;1118;81648;1;19.34;19.34;0;19.34;0;6;2409;19;NULL;"SBssH4UuL21coG9HiB0"
1971;1118;89189;1;46.01;46.01;0;46.01;0;6;2409;19;NULL;"8OQBMKG5vqHdfsKD"
1972;1118;79723;5;9.08;45.4;0;45.4;0;6;2409;19;NULL;"PAYt3miUe04XFh1U20s"
1973;1118;81757;2;8.26;16.52;0;16.52;0;6;2409;19;NULL;"bfiCbHoMGShcykkNq7g"
1974;1118;633877;2;5.42;10.84;0;10.84;0;6;2409;19;NULL;"JFUxns8jtg5Bbfbb"
1975;1118;147209;1;4.18;4.18;0;4.18;0;6;2409;19;NULL;"QTRp2wH3TgqnVC76h7W6"
1977;1120;361658;1;46.76;46.76;0;46.76;0;6;2412;7;NULL;"Vzyoi2Ro8iReHnG"
1981;1122;500238;1;12.62;12.62;0;12.62;0;6;2415;19;NULL;"XIqqHbKHIy5eMXlN"
1982;1122;500236;1;12.62;12.62;0;12.62;0;6;2415;19;NULL;"PNrra67SLpoUiI4m"
1983;1122;220119;1;14.91;14.91;0;14.91;0;6;2415;19;NULL;"ypQnK7oYTsKpe4Rd"
1988;1126;83292;3;18.36;55.08;0;55.08;0;6;2421;19;NULL;"nzRCMbNOArHxglfz"
1989;1127;453739;2;17.36;34.72;0;34.72;0;6;2423;19;NULL;"WdFt3NgFltzuNEYmqv"
1990;1127;8337;2;17.36;34.72;0;34.72;0;6;2423;19;NULL;"kzBhCACnJ7FxWuCKoQ1"
1991;1127;121229;3;10.63;31.89;0;31.89;0;6;2423;7;NULL;"akgvIjSK1O6fDfL"
1992;1127;8373;2;3.3;6.6;0;6.6;0;6;2423;19;NULL;"vhiEWVsbIDAxKfh7"
1993;1128;308929;4;12.69;50.76;0;50.76;0;6;2425;7;NULL;"oZRxSo3ydIm41F2mj"
1997;1130;227036;1;12.95;12.95;0;12.95;0;6;2428;7;NULL;"C88atohYmMrGdZc"
1998;1130;674601;1;6.98;6.98;0;6.98;0;6;2428;19;NULL;"iHODnPa898TfQZU"
1999;1130;310368;4;8.74;34.96;0;34.96;0;6;2428;7;NULL;"EWLVFbVnlPOlebkYl"
2001;1132;284362;2;11.89;23.78;0;23.78;0;6;2431;19;NULL;"ng41DQ8nXxK2GO4KSn"
2005;1136;105438;1;8.07;8.07;0;8.07;0;6;2436;19;NULL;"fckCzqsR9xl64MCB"
2006;1137;447376;1;45.97;45.97;0;45.97;0;6;2438;19;NULL;"iQQfRBOqceKaesHiDs"
2007;1138;122381;1;62.5;62.5;0;62.5;0;6;2440;7;NULL;"TnSLMjvBYlZvEcMuoyn"
2011;1142;456999;6;14.1;84.6;0;84.6;0;6;2445;7;NULL;"LOBWohNqoLg1hIh6S"
2013;1144;76994;6;7.85;47.1;0;47.1;0;6;823;19;NULL;"XbVcspK94J0mKbmlpXDq"
2026;1147;108706;3;12.94;38.82;0;38.82;0;6;2451;19;NULL;"E2etW4O6AMF7sUpQ"
2027;1147;118134;1;23.09;23.09;0;23.09;0;6;2451;7;NULL;"8DouZil7qeAXZNyGXE0O"
2028;1147;461784;1;73.47;73.47;0;73.47;0;6;2451;7;NULL;"qBAqCjRd8mKPkeKyWNK"
2029;1147;117370;1;30.62;30.62;0;30.62;0;6;2451;7;NULL;"nMW01fewI10osDuCCQiv"
2030;1147;337511;1;15.65;15.65;0;15.65;0;6;2451;7;NULL;"D4tlVeimJrePJMPj"
2031;1147;332911;1;32.06;32.06;0;32.06;0;6;2451;7;NULL;"cbbGCxTWHfX5BjkZN"
2032;1148;635824;1;29.61;29.61;0;29.61;0;6;2453;7;NULL;"NSs91zSAbJjQm5UHHRKj"
2033;1149;461481;2;13.42;26.84;0;26.84;0;6;2455;7;NULL;"9OUITTGR6ct18WLF4wg"
2034;1149;114026;1;6.92;6.92;0;6.92;0;6;2455;19;NULL;"zERNKCGmJ7oWmDrBg1"
2035;1149;85957;1;8.94;8.94;0;8.94;0;6;2455;19;NULL;"aF9eI33uoghaFRfd"
2038;1151;107712;1;38.17;38.17;0;38.17;0;6;2458;19;NULL;"vI2kClLZIyNjg45hN4p"
2039;1151;83339;1;3.87;3.87;0;3.87;0;6;2458;19;NULL;"97PVzPCmH97XrGR"
2042;1154;561445;2;3.46;6.92;0;6.92;0;6;2462;7;NULL;"4ShVmwRqcJlsc3R"
2044;1156;225311;2;31.47;62.94;0;62.94;0;6;2465;7;NULL;"MIAXTXVX3MJIJ09RoSK"
2050;1159;79908;1;11.71;11.71;0;11.71;0;6;2470;19;NULL;"qOiw1nxfUap8WFFU"
2051;1159;214168;1;11.9;11.9;0;11.9;0;6;2470;19;NULL;"mDnGPJcwcUtgUix"
2052;1159;520974;1;11.4;11.4;0;11.4;0;6;2470;19;NULL;"ZIqahZ08BGlH64EiH"
2053;1159;79825;1;16.85;16.85;0;16.85;0;6;2470;19;NULL;"In5Kf8Iff7UB9SkW"
2056;1162;120801;3;24.92;74.76;0;74.76;0;6;2475;19;NULL;"JbWYBh688f7ZgdEQpW"
2058;1164;219550;1;89.81;89.81;0;89.81;0;6;2478;19;NULL;"4z6lhnF26bYXIPre9lW"
2064;1166;78930;1;3.9;3.9;0;3.9;0;6;2481;19;NULL;"ulghv0ZlkiuamQ0CFL9"
2065;1166;239590;1;8.45;8.45;0;8.45;0;6;2481;19;NULL;"ZDM668V8j8iQLXgSF8P"
2066;1166;88215;1;14.14;14.14;0;14.14;0;6;2481;19;NULL;"FVoEYOswhPasuSsQ"
2067;1166;84824;1;18.18;18.18;0;18.18;0;6;2481;19;NULL;"jcJtD35yuEps0drFB"
2068;1166;454848;1;6.9;6.9;0;6.9;0;6;2481;19;NULL;"ctyhoEusMqOhgJJ"
2071;1169;282053;1;17.99;17.99;0;17.99;0;6;2487;19;NULL;"NeOurjjQLB1Ko8EVo3Q"
2073;1171;461214;2;28.09;56.18;0;56.18;0;6;2490;7;NULL;"3PIiDNgqVOOcvpp"
2079;1177;120927;2;38.06;76.12;0;76.12;0;6;2498;7;NULL;"ML6hWPdgSkMiIKrXQ"
2083;1181;348177;5;9.78;48.9;0;48.9;0;6;2503;7;NULL;"zJL7dy13UdVKUdRldT"
2086;1183;107712;1;38.17;38.17;0;38.17;0;6;2506;19;NULL;"vI2kClLZIyNjg45hN4p"
2087;1183;83847;2;6.62;13.24;0;13.24;0;6;2506;19;NULL;"WrxOUNO0V1tbM8rNgP"
2091;1187;80021;1;6.25;6.25;0;6.25;0;6;2513;7;NULL;"uRzOkDzNfY8Y9Cq"
2092;1187;435606;1;38.41;38.41;0;38.41;0;6;2513;7;NULL;"rkVoAGxPQRJgq3hq1z"
2093;1188;115946;1;3.27;3.27;0;3.27;0;6;2515;19;NULL;"Dm8Mtd7K6vFjQMHBwS"
2094;1188;107712;1;38.17;38.17;0;38.17;0;6;2515;19;NULL;"vI2kClLZIyNjg45hN4p"
2096;1190;295012;1;57.78;57.78;0;57.78;0;6;2517;19;NULL;"1U7ezxfwmBq7DfIre"
2099;1193;122279;2;11.56;23.12;0;23.12;0;6;2521;7;NULL;"54OJthLuGoOVbsuiRh1"
2100;1194;65223;2;8.92;17.84;0;17.84;0;6;2524;7;NULL;"DUe88JPMKO9Qa8v"
2101;1195;459504;1;42.44;42.44;0;42.44;0;6;2526;19;NULL;"ztgLwLNuftcTDDDdcx"
2102;1196;459504;1;42.44;42.44;0;42.44;0;6;2528;19;NULL;"ztgLwLNuftcTDDDdcx"
2103;1197;519977;1;48.89;48.89;0;48.89;0;6;2530;7;NULL;"J8FENGOeCenOnHE"
2104;1198;571485;1;30.22;30.22;0;30.22;0;6;2532;19;NULL;"OUxGgufL1Gmv6eYO"
2109;1201;107713;1;28.92;28.92;0;28.92;0;6;2537;19;NULL;"K9hG5BVmisdZDAvDF"
2112;1204;100480;3;15.57;46.71;0;46.71;0;6;2541;19;NULL;"tabioQPB37ey3ov"
2113;1205;564412;5;8.04;40.2;0;40.2;0;6;2543;7;NULL;"waaCxm7Ri0MKGv93"
2115;1207;434728;4;11.94;47.76;0;47.76;0;6;2546;19;NULL;"exqpvajZXLoNVSmjR83"
2117;1209;77004;10;7.85;78.5;0;78.5;0;6;823;19;NULL;"1zziwo3ecCbJcoacg"
2118;1210;107712;1;38.17;38.17;0;38.17;0;6;2550;19;NULL;"vI2kClLZIyNjg45hN4p"
2119;1210;106061;1;9.73;9.73;0;9.73;0;6;2550;19;NULL;"6vXhA4JCcY5ZZ4fCbNk"
2123;1212;464623;1;17.85;17.85;0;17.85;0;6;2553;7;NULL;"nGtlwuufSNrFK938ltP"
2124;1212;633132;1;5;5;0;5;0;6;2553;19;NULL;"aHxJWM6uMkiRKO2EgvbV"
2125;1212;85028;1;12.74;12.74;0;12.74;0;6;2553;19;NULL;"R01Gb6PTsqPFQPmUM26l"
2126;1212;109500;1;4.63;4.63;0;4.63;0;6;2553;19;NULL;"saNq1yaBGpR7Bj2"
2130;1214;595266;2;9;18;0;18;0;6;2556;19;NULL;"IDfx83ujgPNe4IB"
2131;1214;91321;1;6.98;6.98;0;6.98;0;6;2556;19;NULL;"HuN9mRGWspAh9GCbDmrO"
2132;1214;470301;1;9.69;9.69;0;9.69;0;6;2556;19;NULL;"leeMbuYkZQ1ilIGJZn"
2133;1215;632643;2;7.34;14.68;0;14.68;0;6;2558;19;NULL;"lVsuucD3Dn38hnbc4rf1"
2138;1217;79533;1;4.88;4.88;0;4.88;0;6;2561;19;NULL;"S3ikUWpPO6abIaexUjXP"
2139;1217;564509;2;8.25;16.5;0;16.5;0;6;2561;19;NULL;"uCZq5yj8gtvKWyfF"
2140;1217;119422;2;5.71;11.42;0;11.42;0;6;2561;7;NULL;"8sAYsZA7v1X0TdC"
2141;1217;119617;1;7.58;7.58;0;7.58;0;6;2561;19;NULL;"dayERJGIlVi2HBxCpuw"
2143;1219;319628;10;15.4;154;0;154;0;6;2565;19;NULL;"H5Joc4r3QOo8PT04DST"
2146;1221;91422;1;35.96;35.96;0;35.96;0;6;2568;19;NULL;"A1QEMMiWWPTJsoaX"
2147;1221;553408;1;17.36;17.36;0;17.36;0;6;2568;19;NULL;"nKHMT4SkNh8CVpjUdJ"
2151;1224;108359;1;45.36;45.36;0;45.36;0;6;2572;7;NULL;"hAOipNVS6OnReAt5"
2158;1231;107712;1;38.17;38.17;0;38.17;0;6;2581;19;NULL;"vI2kClLZIyNjg45hN4p"
2159;1231;632603;1;12.59;12.59;0;12.59;0;6;2581;19;NULL;"p6HVnbEJXzdgeUp"
2167;1236;125961;1;31.42;31.42;0;31.42;0;6;2587;19;NULL;"q9PxjeZoXN8SrQT"
2168;1236;590423;2;4.31;8.62;0;8.62;0;6;2587;7;NULL;"X9cX1f09mdpREUaw"
2169;1237;438822;4;12.37;49.48;0;49.48;0;6;2589;19;NULL;"R6o4ntzyL3mho9NFY3"
2173;1239;89333;1;28.7;28.7;0;28.7;0;6;2592;7;NULL;"RuzvkkzecXo5Ibeouva"
2174;1239;85873;2;16.73;33.46;0;33.46;0;6;2592;7;NULL;"4yKy0FOB1paZjoIk"
2175;1239;454386;1;25.13;25.13;0;25.13;0;6;2592;7;NULL;"rO3svFh5n5Lwsg4fE4F"
2176;1240;594495;2;39.46;78.92;0;78.92;0;6;2593;19;NULL;"wBsSCuTS2QgZELMBV"
2180;1242;107712;1;38.17;38.17;0;38.17;0;6;2596;19;NULL;"vI2kClLZIyNjg45hN4p"
2181;1242;175750;1;13.12;13.12;0;13.12;0;6;2596;19;NULL;"eUm3KiykCkwejIH"
2182;1242;79419;1;10.64;10.64;0;10.64;0;6;2596;19;NULL;"OZBhOSLULhtlV75XjZbP"
2187;1245;81219;1;6.72;6.72;0;6.72;0;6;2600;19;NULL;"WBcqhmReEXbA19zf"
2188;1245;107712;1;38.17;38.17;0;38.17;0;6;2600;19;NULL;"vI2kClLZIyNjg45hN4p"
2189;1246;438822;2;12.37;24.74;0;24.74;0;6;2602;19;NULL;"R6o4ntzyL3mho9NFY3"
2195;1248;632984;1;33.57;33.57;0;33.57;0;6;2605;19;NULL;"1iT1KGnRFR2NiQdB"
2196;1248;233991;1;14.31;14.31;0;14.31;0;6;2605;7;NULL;"jbMHPYzmOEMkhxtrA"
2197;1248;79398;1;27.33;27.33;0;27.33;0;6;2605;19;NULL;"lJcKNKwvmyOHSMVBhGrV"
2198;1248;81673;1;25.26;25.26;0;25.26;0;6;2605;7;NULL;"xTR0Y313PsWh2k8xd"
2199;1248;117247;2;27.99;55.98;0;55.98;0;6;2605;19;NULL;"jXpvTxjjHcPULCwG0Rx"
2203;1251;107712;1;38.17;38.17;0;38.17;0;6;2611;19;NULL;"vI2kClLZIyNjg45hN4p"
2204;1251;79475;1;20.42;20.42;0;20.42;0;6;2611;19;NULL;"xnf6YsCxmcoG0dIozVi"
2205;1252;264830;1;4.57;4.57;0;4.57;0;6;2612;19;NULL;"CbvvufYhjiwMMnJLNb2"
2206;1252;120998;2;27.93;55.86;0;55.86;0;6;2612;19;NULL;"YoZWmpHi4cvkprcKdmz"
2207;1253;644752;2;28.88;57.76;0;57.76;0;6;2614;7;NULL;"e6TVNabK2LszCoAY20ZJ"
2210;1255;257877;2;23.03;46.06;0;46.06;0;6;2616;19;NULL;"u764QamWicI402kV"
2214;1259;557813;1;24.99;24.99;0;24.99;0;6;2621;19;NULL;"iaCnxTEIOa0WmwBu"
2215;1260;162543;1;30.64;30.64;0;30.64;0;6;2623;7;NULL;"tvE6I7vgiknh8X8JAy"
2216;1260;135719;2;6.22;12.44;0;12.44;0;6;2623;19;NULL;"9kxio3GcFR2kW6hO"
2220;1264;102677;2;25.32;50.64;0;50.64;0;6;2628;19;NULL;"ldwz92Gr44Jl4eCGHz3P"
2228;1272;494868;1;17.43;17.43;0;17.43;0;6;2638;7;NULL;"P0Edk6Zzj4WjeHo"
2235;1276;519983;1;39.18;39.18;0;39.18;0;6;2643;7;NULL;"gyxUNAFIBV8n7kA"
2236;1276;307293;1;6.93;6.93;0;6.93;0;6;2643;19;NULL;"9aCNFPFiNt8AEuWHv"
2269;1285;114920;1;7.69;7.69;0;7.69;0;6;2654;19;NULL;"TVZ0lhdpQ2sJtJLzTW"
2270;1285;80508;1;5.58;5.58;0;5.58;0;6;2654;19;NULL;"dwAgoE6k2GBZ3PZ606F"
2271;1285;84053;1;12.04;12.04;0;12.04;0;6;2654;19;NULL;"PYMaBDMjMNO3pZg"
2272;1285;282053;1;17.99;17.99;0;17.99;0;6;2654;19;NULL;"NeOurjjQLB1Ko8EVo3Q"
2273;1285;85675;1;24.54;24.54;0;24.54;0;6;2654;7;NULL;"lrs2G5slvcu2rXj"
2274;1286;120801;2;24.92;49.84;0;49.84;0;6;2655;19;NULL;"JbWYBh688f7ZgdEQpW"
2276;1288;284362;1;11.89;11.89;0;11.89;0;6;2659;19;NULL;"ng41DQ8nXxK2GO4KSn"
2279;1291;464621;8;10.03;80.24;0;80.24;0;6;2663;7;NULL;"kdQJZngHMhOvqTh"
2282;1294;621264;2;22.61;45.22;0;45.22;0;6;2668;7;NULL;"MZeotWZCURzUX4Me7x"
2284;1296;102088;3;22.5;67.5;0;67.5;0;6;2671;7;NULL;"eBCAK5NiM873NagwYri"
2285;1297;106523;1;13.43;13.43;0;13.43;0;6;2673;19;NULL;"Sma5Agfvs38nKZSX"
2288;1300;591394;3;19.02;57.06;0;57.06;0;6;2677;19;NULL;"0kHOeTCBGHRBq1i3EN"
2291;1302;107713;1;28.92;28.92;0;28.92;0;6;2679;19;NULL;"K9hG5BVmisdZDAvDF"
2292;1302;79475;1;20.42;20.42;0;20.42;0;6;2679;19;NULL;"xnf6YsCxmcoG0dIozVi"
2295;1304;105050;2;25.48;50.96;0;50.96;0;6;2682;19;NULL;"JdmHZEcSSBHSOmTOl18s"
2296;1304;89332;2;10.64;21.28;0;21.28;0;6;2682;19;NULL;"6NoQwwMhNehxaeV"
2300;1308;105963;3;23.81;71.43;0;71.43;0;6;2484;19;NULL;"IsmRdr0RdraZusUT3xJL"
2301;1308;79483;1;10.8;10.8;0;10.8;0;6;2484;19;NULL;"2ITUJxTt2G8Opz8"
2302;1309;500331;2;14.61;29.22;0;29.22;0;6;2688;7;NULL;"OtZJgQLDKiQ5mQRUrhO"
2303;1310;632643;6;7.34;44.04;0;44.04;0;6;2690;19;NULL;"lVsuucD3Dn38hnbc4rf1"
2333;1312;85174;1;3.01;3.01;0;3.01;0;6;2693;7;NULL;"Z6RV5FwJMpYsHIsyp"
2334;1312;680157;1;3.01;3.01;0;3.01;0;6;2693;7;NULL;"evW9Nx3luuBXzRpU"
2335;1312;80223;1;3.01;3.01;0;3.01;0;6;2693;7;NULL;"ydGHWfmJGQasutLX"
2336;1312;80705;1;2.77;2.77;0;2.77;0;6;2693;7;NULL;"1VAGY1X8roW1YwX"
2337;1312;80721;1;2.77;2.77;0;2.77;0;6;2693;7;NULL;"FnBysNqscUDjZa9xmnEW"
2338;1312;80250;1;3.01;3.01;0;3.01;0;6;2693;7;NULL;"ODo5Daz6zLEj4BP"
2339;1312;115003;1;3.27;3.27;0;3.27;0;6;2693;19;NULL;"75ytZJRYpfwSVOI"
2340;1312;85234;1;3.01;3.01;0;3.01;0;6;2693;7;NULL;"ACc3JLMdT3yxQwwkaCHU"
2341;1312;110695;1;3.9;3.9;0;3.9;0;6;2693;7;NULL;"7Cs5VY6ZtJBoGmYaaS"
2342;1312;98053;1;2.88;2.88;0;2.88;0;6;2693;19;NULL;"m1KY5VYmGrq1ecR"
2343;1312;106524;1;3;3;0;3;0;6;2693;7;NULL;"IRPuEiKHgQihUHM"
2344;1312;80277;1;3.01;3.01;0;3.01;0;6;2693;7;NULL;"tzI6fmQQPmZrrRt8s2"
2345;1312;163595;1;2.51;2.51;0;2.51;0;6;2693;7;NULL;"U6K9RFf55liU9Psu"
2346;1312;85740;1;2.51;2.51;0;2.51;0;6;2693;7;NULL;"URSm9J0CZiTAdDu43Qc"
2347;1312;115302;1;3;3;0;3;0;6;2693;7;NULL;"v3neuauB1ORDprDds3N"
2348;1312;80269;1;3;3;0;3;0;6;2693;7;NULL;"fGJiwNVPRIYLcRAMS"
2349;1312;109033;1;3;3;0;3;0;6;2693;7;NULL;"gRS3EuAnPmqF1rcC1g"
2350;1312;106948;1;3;3;0;3;0;6;2693;7;NULL;"YgSoc009htMGjHWKwj"
2351;1312;69460;1;3.21;3.21;0;3.21;0;6;2693;19;NULL;"ZSF6VpO1QE1Fm3e"
2352;1312;98051;1;2.88;2.88;0;2.88;0;6;2693;19;NULL;"V89e5XMnJf21g2LOmWqG"
2353;1312;83939;1;3.01;3.01;0;3.01;0;6;2693;7;NULL;"DZzMPfv9bSQR8qfvi"
2354;1312;69461;1;2.96;2.96;0;2.96;0;6;2693;7;NULL;"bjTPZLPyU5f5EFaEDl"
2355;1312;115543;1;2.51;2.51;0;2.51;0;6;2693;7;NULL;"UlFmFyHO9N0lMm89Y"
2356;1312;121828;1;3.36;3.36;0;3.36;0;6;2693;7;NULL;"9RtLmY5j4r1WoX5yti"
2357;1312;121827;1;3.36;3.36;0;3.36;0;6;2693;7;NULL;"wl4pil8P1r2EYLj0o9"
2358;1312;108161;1;3;3;0;3;0;6;2693;7;NULL;"gAvibwSPMHFj6a67"
2359;1312;121550;1;3.01;3.01;0;3.01;0;6;2693;7;NULL;"ugNzXLUVAeP6O0D"
2360;1312;114877;1;3;3;0;3;0;6;2693;7;NULL;"558Zv4KfpfUa75wVU5S"
2361;1312;121826;1;3.36;3.36;0;3.36;0;6;2693;7;NULL;"2v1E04FE9A4yigcknqm"
2363;1314;644760;10;19.42;194.2;0;194.2;0;6;2696;7;NULL;"OPhGmzh3YLtz0JbLTLk"
2364;1315;459357;2;4.8;9.6;0;9.6;0;6;2698;19;NULL;"qTjTTjCP0aeDzLXC"
2365;1315;119841;2;2.66;5.32;0;5.32;0;6;2698;19;NULL;"BwkJBK7ONv7S3zkLT4Bd"
2366;1315;159278;2;7.41;14.82;0;14.82;0;6;2698;19;NULL;"oZW3AmNTq5oSfkPWZD"
2367;1315;108430;2;9.34;18.68;0;18.68;0;6;2698;19;NULL;"jNAoF4wa1QI7zI9"
2368;1315;79375;1;12.59;12.59;0;12.59;0;6;2698;19;NULL;"MINhSE2hnzapsdC9"
2369;1315;455318;2;13.28;26.56;0;26.56;0;6;2698;19;NULL;"FymIDbj2oA7782kdn"
2373;1318;229644;1;33.53;33.53;0;33.53;0;6;2702;7;NULL;"XMVngwMVmZNTNDFZt"
2374;1318;85693;1;8.92;8.92;0;8.92;0;6;2702;7;NULL;"XN4BRnXF7FurImue"
2377;1321;472435;2;27.96;55.92;0;55.92;0;6;2706;19;NULL;"UH67jSv6XtXVAz1Y5"
2378;1322;502399;4;7.22;28.88;0;28.88;0;6;2708;7;NULL;"CUXHWkAxfhbpdnNHyO3"
2379;1322;633750;4;14.69;58.76;0;58.76;0;6;2708;19;NULL;"J2V9B1xjxrQeTJTId"
2380;1323;439644;6;34.75;208.5;0;208.5;0;6;2710;7;NULL;"5p1f8hG5DWjQ2BU"
2381;1324;121679;1;67.72;67.72;0;67.72;0;6;2712;19;NULL;"Let784kpe7NS63c"
2382;1325;574600;1;11.72;11.72;0;11.72;0;6;2714;19;NULL;"PRrjxHv2YrK24bW9fTdl"
2383;1325;564525;1;9.64;9.64;0;9.64;0;6;2714;19;NULL;"oMNJdga8rZnkCvFk"
2384;1326;599682;1;9.14;9.14;0;9.14;0;6;2716;19;NULL;"Esxdbq9NJ80XBDC"
2389;1329;117127;1;32.01;32.01;0;32.01;0;6;2720;19;NULL;"uvLRxej3tOl1COmDt3Fn"
2390;1329;80535;4;4.38;17.52;0;17.52;0;6;2720;19;NULL;"8M7MbxKKCFKVBgDqg"
2404;1333;199033;2;27.2;54.4;0;54.4;0;6;2726;19;NULL;"pkm31USZ7JN4eHHlQ8mS"
2406;1335;439644;5;34.75;173.75;0;173.75;0;6;2729;7;NULL;"5p1f8hG5DWjQ2BU"
2410;1339;594977;1;40.13;40.13;0;40.13;0;6;2736;19;NULL;"pjwpenkyb7c5vmuwHJX"
2412;1341;82493;4;11.14;44.56;0;44.56;0;6;2739;19;NULL;"EQ97yJEbTJr1lrdIm7B"
2413;1342;494866;1;17.43;17.43;0;17.43;0;6;2741;7;NULL;"daKx3RiyGNXiqnZ9YK43"
2418;1346;184897;5;34.9;174.5;0;174.5;0;6;2747;19;NULL;"VYeNFUfGfj1eonfHtI6"
2419;1346;461871;3;10.21;30.63;0;30.63;0;6;2747;19;NULL;"sOKSBIa56X74LLYoT"
2435;1350;500331;2;14.61;29.22;0;29.22;0;6;2753;7;NULL;"OtZJgQLDKiQ5mQRUrhO"
2440;1352;96457;1;4.88;4.88;0;4.88;0;6;2756;19;NULL;"Haw9vwfFvP8TDPxe10OX"
2441;1352;88255;1;3.86;3.86;0;3.86;0;6;2756;19;NULL;"KIl2j7CCgVbWTFgByNV"
2442;1352;179408;1;11.18;11.18;0;11.18;0;6;2756;19;NULL;"mq8ipmxc675LgS58UrK"
2443;1352;360491;1;25.04;25.04;0;25.04;0;6;2756;7;NULL;"zIVQpnW50boIj5dnmq2s"
2445;1354;454181;3;39.34;118.02;0;118.02;0;6;2759;7;NULL;"1DFUfCYepQAIvR9"
2451;1358;636051;1;17.64;17.64;0;17.64;0;6;2767;19;NULL;"wrKRWecJrZ0Rx2z"
2454;1360;118068;2;17.43;34.86;0;34.86;0;6;2769;7;NULL;"iyEFAIspwY2CwRgmiFc"
2455;1360;518206;1;20.98;20.98;0;20.98;0;6;2769;19;NULL;"s7BWqR9dCXXIKocA"
2457;1362;262866;1;19.13;19.13;0;19.13;0;6;2771;7;NULL;"gcqc5EYtMcxJJdPqO8"
2460;1364;563816;1;58.52;58.52;0;58.52;0;6;2774;19;NULL;"gSEQbAoGViBsdPfU8"
2461;1364;445111;1;11.17;11.17;0;11.17;0;6;2774;19;NULL;"5IutkaxiXkanxBzd6G4F"
2472;1368;107598;3;8.53;25.59;0;25.59;0;6;2780;19;NULL;"akjIXvHs7s6lrS1bR"
2473;1368;80946;1;2.5;2.5;0;2.5;0;6;2780;19;NULL;"r77gtXEHIGhfth0cn"
2474;1368;81661;1;24;24;0;24;0;6;2780;7;NULL;"DFVZ4EP7eKp0a6kq8Tm"
2475;1368;65280;1;7.08;7.08;0;7.08;0;6;2780;19;NULL;"b50YSUTcbYlPOSJx"
2477;1370;121553;1;13.44;13.44;0;13.44;0;6;2782;19;NULL;"SLYrDMvZ01ZdZfMiMhn"
2479;1372;86590;2;23.2;46.4;0;46.4;0;6;2785;7;NULL;"HV0yc4lOG4CJPWDVAB6"
2481;1374;257877;2;23.03;46.06;0;46.06;0;6;2787;19;NULL;"u764QamWicI402kV"
2484;1377;347777;1;83;83;0;83;0;6;2790;19;NULL;"HM0mvI1OOzQtby0B"
2485;1378;632643;1;7.34;7.34;0;7.34;0;6;2792;19;NULL;"lVsuucD3Dn38hnbc4rf1"
2488;1381;135414;1;13.41;13.41;0;13.41;0;6;2796;19;NULL;"Fnsrp9WeHYzUjXV1E"
2490;1383;93362;2;25.24;50.48;0;50.48;0;6;2799;7;NULL;"ruAXDiqxyLXw47olN8"
2531;1393;98672;1;10.55;10.55;0;10.55;0;6;2812;19;NULL;"PGZYabY1Q8wVzQx"
2532;1394;111483;1;43.26;43.26;0;43.26;0;6;2814;7;NULL;"H5DL5reXPEcVgBr0O"
2533;1394;119239;1;7.64;7.64;0;7.64;0;6;2814;19;NULL;"fhFTyxHBiPA1ywHqTePz"
2535;1396;182733;4;13.93;55.72;0;55.72;0;6;2817;7;NULL;"vOCf9OCiGk88god9ld"
2542;1399;85350;1;23.88;23.88;0;23.88;0;6;2821;19;NULL;"3TBysdSUpuVftPUrTP6p"
2543;1399;657878;2;10.69;21.38;0;21.38;0;6;2821;7;NULL;"0tmn96AuEk51iLP7oZ"
2544;1399;456763;1;22.76;22.76;0;22.76;0;6;2821;7;NULL;"D57YKAGjfG2RECUT"
2545;1400;100480;3;15.57;46.71;0;46.71;0;6;2823;19;NULL;"tabioQPB37ey3ov"
2549;1402;193617;2;16.07;32.14;0;32.14;0;6;2826;19;NULL;"i9EbVMcGbjxfVDaQg7M"
2550;1402;102580;1;4.68;4.68;0;4.68;0;6;2826;19;NULL;"AdWXoBYwsVyPkYNCNC"
2551;1402;80914;2;4.41;8.82;0;8.82;0;6;2826;19;NULL;"CX65wqfCF2sym8Cxf"
2552;1403;88961;1;36.01;36.01;0;36.01;0;6;2829;19;NULL;"frcO1wmi4rXISiH"
2553;1403;471195;1;29.46;29.46;0;29.46;0;6;2829;7;NULL;"KCGVPPAF83JKv9aj4b3"
2554;1403;459343;1;18.36;18.36;0;18.36;0;6;2829;7;NULL;"46a9kGxwiPCsIVaU"
2563;1408;564827;1;13.97;13.97;0;13.97;0;6;2836;19;NULL;"CLGa3LPew0eiHx8R"
2564;1409;111637;4;5.36;21.44;0;21.44;0;6;2838;19;NULL;"42jza5VvwWcp0g5p0S"
2565;1409;106654;1;14.39;14.39;0;14.39;0;6;2838;19;NULL;"2RvllEBHBEj0cwjX9LML"
2567;1411;7845;2;24.28;48.56;0;48.56;0;6;2841;19;NULL;"Bti2BkiXKXhcotd"
2568;1412;153236;2;38.58;77.16;0;77.16;0;6;2843;19;NULL;"ezKZ7iG9szLqEH96Mmxv"
2569;1413;193617;1;16.07;16.07;0;16.07;0;6;2845;19;NULL;"i9EbVMcGbjxfVDaQg7M"
2570;1414;445669;5;8.98;44.9;0;44.9;0;6;2847;7;NULL;"lSkyNoAbEaT360dno3"
2571;1415;556378;1;3.71;3.71;0;3.71;0;6;2849;19;NULL;"gNdhTIyhlMc5jZsJZwn"
2597;1420;7250;2;4.33;8.66;0;8.66;0;6;2855;19;NULL;"0covR2uZQirOM2JftDaG"
2604;1423;65280;1;7.08;7.08;0;7.08;0;6;2859;19;NULL;"b50YSUTcbYlPOSJx"
2605;1423;121467;1;19.01;19.01;0;19.01;0;6;2859;19;NULL;"AdkKRQPM0cL9u8rryxQ"
2606;1423;656264;1;17.47;17.47;0;17.47;0;6;2859;19;NULL;"lp8dx6Er18isyKQ6LL"
2608;1425;352928;1;19.53;19.53;0;19.53;0;6;2862;7;NULL;"t00XJysYbpcgNs4"
2609;1425;311787;1;25.83;25.83;0;25.83;0;6;2862;7;NULL;"6IFJOnf3ELJjlc1ZUkqJ"
2610;1425;369074;1;31.29;31.29;0;31.29;0;6;2862;19;NULL;"hGlecckD0MShnWbFkkTq"
2611;1425;119291;1;24.99;24.99;0;24.99;0;6;2862;7;NULL;"IG5COqJgPTg4aEjyt"
2612;1425;499165;1;10.33;10.33;0;10.33;0;6;2862;7;NULL;"Zu66woEltJ6D4VS"
2613;1425;121408;1;11.13;11.13;0;11.13;0;6;2862;7;NULL;"g3sGNHB0cDcaqqUMY5"
2614;1425;108365;1;13.86;13.86;0;13.86;0;6;2862;7;NULL;"4kq3thzdvqH7LAi08lr"
2615;1425;109179;1;13.23;13.23;0;13.23;0;6;2862;7;NULL;"SUu7Rnfez9t6H7x0H"
2616;1425;122785;1;11.13;11.13;0;11.13;0;6;2862;7;NULL;"8wvZm24Kc9uJuE3Ji4SQ"
2618;1427;119343;6;2.11;12.66;0;12.66;0;6;2865;19;NULL;"bhTDZaAXKPCjqNLFPrux"
2621;1429;91381;1;51.21;51.21;0;51.21;0;6;2868;19;NULL;"D4c76NcPvAWdlpBkc1oe"
2622;1429;116529;2;9.82;19.64;0;19.64;0;6;2868;19;NULL;"Fa8PKWoWinRBuBR"
2629;1435;91381;1;51.21;51.21;0;51.21;0;6;2879;19;NULL;"D4c76NcPvAWdlpBkc1oe"
2631;1437;359997;3;16.72;50.16;0;50.16;0;6;2882;7;NULL;"HozEtmCiGEhyUhT"
2633;1439;680272;1;17.36;17.36;0;17.36;0;6;2874;19;NULL;"7OHRU0QZ6TQTSOZnE"
2635;1441;91381;1;51.21;51.21;0;51.21;0;6;2889;19;NULL;"D4c76NcPvAWdlpBkc1oe"
2637;1443;184115;3;37.66;112.98;0;112.98;0;6;2892;19;NULL;"9S4enovF0WoObyOZ4"
2644;1448;366864;1;15.61;15.61;0;15.61;0;6;2899;7;NULL;"CnaQaGLmts9XzI6zyT"
2645;1448;632780;1;10.84;10.84;0;10.84;0;6;2899;19;NULL;"DriqsiHUPKONTJhNaJ5p"
2646;1448;100240;1;11.87;11.87;0;11.87;0;6;2899;7;NULL;"hi0MNjKaFU66NcmsqD"
2647;1448;92627;1;5.3;5.3;0;5.3;0;6;2899;19;NULL;"pOiNMAyCA2ieEYxsyId"
2648;1449;346065;1;55.23;55.23;0;55.23;0;6;2901;19;NULL;"lK4NNQUCNuChe1inmAD"
2650;1451;234324;1;5.14;5.14;0;5.14;0;6;2904;19;NULL;"PMYk9jh7zRjB4Eh"
2654;1454;352928;1;19.53;19.53;0;19.53;0;6;2909;7;NULL;"t00XJysYbpcgNs4"
2655;1454;80205;3;11.69;35.07;0;35.07;0;6;2909;19;NULL;"ns4lRkZ03zvpdmn"
2656;1455;79710;1;33.52;33.52;0;33.52;0;6;2911;19;NULL;"t8B98cEPDnztsE6t63"
2657;1455;79945;1;6.98;6.98;0;6.98;0;6;2911;19;NULL;"dxImytfYVqbk5Pq"
2658;1455;65280;1;7.08;7.08;0;7.08;0;6;2911;19;NULL;"b50YSUTcbYlPOSJx"
2659;1456;112431;2;4.91;9.82;0;9.82;0;6;2913;19;NULL;"gkdSV8VHEi5mLWvy"
2660;1457;491183;2;10.64;21.28;0;21.28;0;6;2915;19;NULL;"NshB2o57AJibWwRlSjCV"
2663;1460;442388;1;54.05;54.05;0;54.05;0;6;2919;19;NULL;"7ZNs5U64pSfgDNBUy1m6"
2664;1461;85250;2;9.08;18.16;0;18.16;0;6;2920;19;NULL;"c9L4z8Im5BrjC1lx"
2665;1461;79938;2;18.34;36.68;0;36.68;0;6;2920;19;NULL;"pmHMCR8ZGhkuxIaGxv"
2666;1462;104485;1;38.2;38.2;0;38.2;0;6;2922;19;NULL;"PPIHqdxBUjBgs9xM3o2"
2667;1463;116201;4;16.6;66.4;0;66.4;0;6;2924;19;NULL;"ufiHvzN2ftJBJoq5Br"
2690;1469;82471;1;8.73;8.73;0;8.73;0;6;2933;19;NULL;"NlILfBwK4OqSQVIMS2tn"
2691;1469;106587;2;6.01;12.02;0;12.02;0;6;2933;19;NULL;"mF93iViXk9UFrCk"
2692;1469;80344;1;10.6;10.6;0;10.6;0;6;2933;19;NULL;"K04jhQGIfGMng8hEaQ1e"
2693;1469;106061;1;9.73;9.73;0;9.73;0;6;2933;19;NULL;"6vXhA4JCcY5ZZ4fCbNk"
2694;1469;83845;1;14.62;14.62;0;14.62;0;6;2933;19;NULL;"Yb7xXMW9eUAFTxBxLQuL"
2695;1469;457097;1;8.73;8.73;0;8.73;0;6;2933;19;NULL;"9YsCvo5ha1D1Myx"
2696;1470;532922;1;19.02;19.02;0;19.02;0;6;2934;7;NULL;"jxr21FT0ZRlyoE8RQe"
2697;1471;445431;1;53.05;53.05;0;53.05;0;6;2936;19;NULL;"mdHtchhwkWAABFuZg"
2699;1473;219444;1;45.14;45.14;0;45.14;0;6;2939;19;NULL;"VfOWhYuyrpBCkGGU"
2701;1475;591319;2;39.38;78.76;0;78.76;0;6;2942;19;NULL;"abSXkPDNb3U95JT"
2703;1477;298300;4;10.47;41.88;0;41.88;0;6;2945;7;NULL;"fLJR709eV2wdKZFJm7"
2704;1478;433886;1;6.53;6.53;0;6.53;0;6;2947;19;NULL;"BHKfE55EOMS7Kb2Wz0I"
2706;1480;184040;1;5.95;5.95;0;5.95;0;6;2951;19;NULL;"1kWcWY91l1Ldkyyp8"
2707;1480;84971;2;13.24;26.48;0;26.48;0;6;2951;19;NULL;"hLYf8SBOWt28eJm2"
2709;1482;96265;1;9.44;9.44;0;9.44;0;6;2953;19;NULL;"ztettGtmak0fFkt2d"
2710;1483;98386;10;9.31;93.1;0;93.1;0;6;2955;19;NULL;"iwOnxzSTcruGsm89c"
2717;1487;85912;2;17.67;35.34;0;35.34;0;6;2960;7;NULL;"mCSZhS6YqpHDt4GU"
2718;1487;102316;1;6.93;6.93;0;6.93;0;6;2960;19;NULL;"4Z8d9VpxTfIOJ28FBDAt"
2719;1488;636029;1;174.02;174.02;0;174.02;0;6;2962;19;NULL;"tz6kKDAkzJLMbmyM0bD"
2720;1489;109713;1;20.96;20.96;0;20.96;0;6;2964;7;NULL;"ppFL5PolY3QraH7Np0"
2721;1489;84740;1;13.99;13.99;0;13.99;0;6;2964;7;NULL;"2QWCK7r0C9TnqrB7q"
2722;1489;240762;1;8.06;8.06;0;8.06;0;6;2964;19;NULL;"FR9It3g3sZM87QJ"
2724;1491;114887;3;18.64;55.92;0;55.92;0;6;2967;19;NULL;"taSLawywVJeODqnH5G5i"
2725;1492;100480;3;15.57;46.71;0;46.71;0;6;2969;19;NULL;"tabioQPB37ey3ov"
2730;1495;100480;2;15.57;31.14;0;31.14;0;6;2973;19;NULL;"tabioQPB37ey3ov"
2731;1495;79979;1;11.89;11.89;0;11.89;0;6;2973;19;NULL;"cXpMzhzdwEt3oIl"
2736;1497;109051;5;6.3;31.5;0;31.5;0;6;2976;19;NULL;"wMgw8bAbKOaxOkEj"
2737;1497;82502;1;3.99;3.99;0;3.99;0;6;2976;19;NULL;"iMdKiGVEtVvIbAbz"
2738;1497;80782;1;2.99;2.99;0;2.99;0;6;2976;19;NULL;"M4x6tmfrtnux4s9tAG"
2739;1497;82488;1;4.47;4.47;0;4.47;0;6;2976;19;NULL;"Fnbefqe5pS1ewY07cH"
2742;1500;366526;1;15.3;15.3;0;15.3;0;6;2980;7;NULL;"bIMAjSROgz2YmRwkT"
2743;1501;94214;1;6.61;6.61;0;6.61;0;6;2982;19;NULL;"7jTvOi9tcGTLS5d"
2744;1501;104772;1;10.33;10.33;0;10.33;0;6;2982;7;NULL;"CTqWaVtqXsvxhRyv"
2745;1501;79903;1;11.97;11.97;0;11.97;0;6;2982;19;NULL;"2i1QpOH8V3PV6gq5qJ"
2746;1501;84731;1;7.73;7.73;0;7.73;0;6;2982;19;NULL;"6ypPCR2DqRzS6tHHHSBA"
2747;1501;108494;1;10.11;10.11;0;10.11;0;6;2982;7;NULL;"ge8x1Z4T9ODVx76k0V"
2748;1501;181333;1;10.91;10.91;0;10.91;0;6;2982;19;NULL;"XxHhXPbOitazIWmTC8"
2749;1502;205052;2;13.26;26.52;0;26.52;0;6;2984;19;NULL;"ekAEXHXqlAv8aD238Z"
2753;1506;183525;1;91.25;91.25;0;91.25;0;6;2987;19;NULL;"bBresg22WawCV8Cw"
2755;1508;360521;2;15.75;31.5;0;31.5;0;6;2995;7;NULL;"49UB4eGH9lO7eQLnU"
2756;1508;346065;1;55.23;55.23;0;55.23;0;6;2995;19;NULL;"lK4NNQUCNuChe1inmAD"
2757;1508;105991;1;15.66;15.66;0;15.66;0;6;2995;7;NULL;"Sh5nGykG4uSsU0krtOQ"
2758;1508;117472;1;17.36;17.36;0;17.36;0;6;2995;19;NULL;"JD77jsofIGjEzVUAkQ"
2759;1508;89963;1;12.46;12.46;0;12.46;0;6;2995;19;NULL;"me1ijaQmNKVAK9vX03r"
2760;1508;119516;1;20.79;20.79;0;20.79;0;6;2995;7;NULL;"eNFUrSByBmDG2iBHt"
2761;1509;107939;3;11.9;35.7;0;35.7;0;6;2997;19;NULL;"MosmO6sbONYQ8E9zyOfJ"
2764;1512;326601;5;12.53;62.65;0;62.65;0;6;3001;19;NULL;"22IXu1pOg03W1KsH"
2771;1515;101916;1;22.29;22.29;0;22.29;0;6;3005;19;NULL;"1IgBvjF3zcj99PWwK"
2772;1515;101726;1;14.83;14.83;0;14.83;0;6;3005;19;NULL;"4syRZC95QO2znkfwc"
2773;1515;115953;1;4.3;4.3;0;4.3;0;6;3005;7;NULL;"D6YtN4OVoE0lFCuuP"
2774;1516;373218;1;10.8;10.8;0;10.8;0;6;3006;19;NULL;"Tg99DvY7aWxor6CE"
2777;1519;114548;1;30.16;30.16;0;30.16;0;6;3012;19;NULL;"YffC7HPLAfe8YGhY"
2780;1521;107938;3;12.95;38.85;0;38.85;0;6;3014;7;NULL;"y5yQ6rQuVrV8N20y"
2781;1521;633325;1;7.52;7.52;0;7.52;0;6;3014;19;NULL;"6Ujj0u5YixcUcb95"
2783;1523;80732;3;24.22;72.66;0;72.66;0;6;3017;7;NULL;"Bpj0kPJiFcRhDLB"
2784;1524;180504;1;7.99;7.99;0;7.99;0;6;3019;7;NULL;"7bAkF6Xf8Q97wauje7ZY"
2786;1526;594734;3;14.06;42.18;0;42.18;0;6;3022;19;NULL;"ZmcO6XYyTh7lO0m0F"
2788;1528;563543;5;15.44;77.2;0;77.2;0;6;3026;19;NULL;"aTiGZBNgfi3Lm4vQuMwf"
2789;1528;84868;2;6.22;12.44;0;12.44;0;6;3026;19;NULL;"0LzBaLD1bxgB9IQbMB4W"
2790;1528;79850;1;8.65;8.65;0;8.65;0;6;3026;19;NULL;"ahdehLAee3X5qHiKZuWR"
2791;1529;229664;1;225.34;225.34;0;225.34;0;6;3028;19;NULL;"HhuynkjT2EF3ClVEsm"
2792;1529;86651;1;15.67;15.67;0;15.67;0;6;3028;19;NULL;"vvO2X9QDUsrNmdwu2A"
2797;1532;211085;1;72.23;72.23;0;72.23;0;6;3032;7;NULL;"BVVldpn68UIaTHg"
2798;1532;103408;1;45.91;45.91;0;45.91;0;6;3032;19;NULL;"BnyNyKaEMWPxIJpV"
2799;1533;556108;1;46.88;46.88;0;46.88;0;6;3034;19;NULL;"QxazflhLDAEJqwMdT"
2807;1536;241344;1;27.65;27.65;0;27.65;0;6;3040;7;NULL;"k3VGBGYMudPwAQvpv"
2808;1537;632682;1;10.75;10.75;0;10.75;0;6;3041;19;NULL;"TQlcWdkVkzwcfGn"
2809;1537;632689;1;10.75;10.75;0;10.75;0;6;3041;19;NULL;"r4HxL3WNz9qLWZdcYFlM"
2810;1537;94353;2;10.42;20.84;0;20.84;0;6;3041;19;NULL;"ME8yon5Mlhe0X4Aw9ukR"
2811;1537;80509;1;7.52;7.52;0;7.52;0;6;3041;19;NULL;"gqqgHAT7RCXeOHYtAz8h"
2812;1537;81619;1;13.79;13.79;0;13.79;0;6;3041;19;NULL;"evBeD0PlxwcrNDZu9YBD"
2813;1537;83645;1;10.75;10.75;0;10.75;0;6;3041;19;NULL;"XyNnRckEhPc5s0pttKW"
2815;1539;475996;2;2.7;5.4;0;5.4;0;6;3044;19;NULL;"VijBZLdn9inEm4xftX"
2816;1539;112542;3;2.93;8.79;0;8.79;0;6;3044;19;NULL;"EupCR9G1n4l6d13Pcqb"
2817;1539;112544;4;2.27;9.08;0;9.08;0;6;3044;19;NULL;"Z5pPFaIi0I6t9PDK2"
2819;1541;248818;2;65.8;131.6;0;131.6;0;6;3047;19;NULL;"Im0VPO8BwieASgYaeu"
2826;1544;461882;2;6.5;13;0;13;0;6;3051;19;NULL;"2PhjV86Aivo67aSBi3X"
2827;1544;446563;4;5.84;23.36;0;23.36;0;6;3051;19;NULL;"MxiuNluJmhmR33qJXC"
2828;1544;78852;1;3.9;3.9;0;3.9;0;6;3051;19;NULL;"KvAsKfm0nyt0q9OYTGk"
2830;1546;82714;1;8.73;8.73;0;8.73;0;6;3054;19;NULL;"TnZ5FV5bwSlCjNk"
2833;1548;101916;1;22.29;22.29;0;22.29;0;6;3057;19;NULL;"1IgBvjF3zcj99PWwK"
2834;1548;79620;1;25.24;25.24;0;25.24;0;6;3057;7;NULL;"rCWl9oOKkdvu7VMB5mUD"
2835;1549;229664;1;225.34;225.34;0;225.34;0;6;3059;19;NULL;"HhuynkjT2EF3ClVEsm"
2836;1550;96264;1;12.06;12.06;0;12.06;0;6;3061;7;NULL;"AonQfnPE6UykbmqYhyQA"
2839;1553;98519;10;3.68;36.8;0;36.8;0;6;3065;19;NULL;"aZ5beISVv8B0jbYxuG"
2841;1555;120129;6;17.7;106.2;0;106.2;0;6;3068;7;NULL;"XRwFoosZV10Z50yW8"
2854;1564;118934;1;23.68;23.68;0;23.68;0;6;3080;7;NULL;"VqNXmfbDjpWECQT"
2855;1564;79451;1;12.22;12.22;0;12.22;0;6;3080;7;NULL;"L5La5oHlwTkFeUZbiur"
2856;1564;104856;1;10.43;10.43;0;10.43;0;6;3080;19;NULL;"Fh0PpkjbRqg1z6Bz06J"
2862;1569;632700;1;13.44;13.44;0;13.44;0;6;3087;19;NULL;"6hlmj410advyt0Z7B"
2863;1569;118386;2;6.37;12.74;0;12.74;0;6;3087;19;NULL;"IupewhS1lE18bK1UWTMv"
2864;1570;201092;4;162.44;649.76;0;649.76;0;6;3088;19;NULL;"8CBNh2J3dD0L0EcK4Tz"
2865;1571;633491;4;5.24;20.96;0;20.96;0;6;3090;19;NULL;"oQkSkOeZo7euDioeePzW"
2867;1573;119873;2;27.18;54.36;0;54.36;0;6;3093;7;NULL;"iq060oShnMAiU3bD"
2868;1574;120129;4;17.7;70.8;0;70.8;0;6;3095;7;NULL;"XRwFoosZV10Z50yW8"
2869;1574;118428;1;5.84;5.84;0;5.84;0;6;3095;19;NULL;"CMyWe8q0j267t6a"
2870;1575;491098;1;9.14;9.14;0;9.14;0;6;3097;19;NULL;"k7ryv01oxqgFQwD8Ic"
2871;1575;489978;1;9.95;9.95;0;9.95;0;6;3097;19;NULL;"6qcpclcuilX6JlAYBCZ"
2872;1575;120748;1;33.87;33.87;0;33.87;0;6;3097;7;NULL;"SRwWECQ1Gz6zpew"
2873;1576;229664;1;225.34;225.34;0;225.34;0;6;3099;19;NULL;"HhuynkjT2EF3ClVEsm"
2875;1578;162196;1;24.43;24.43;0;24.43;0;6;3102;19;NULL;"KlclyQPUWsSZn7o"
2876;1579;151135;1;10.34;10.34;0;10.34;0;6;3104;19;NULL;"SmXB6Von7Y8NTP1Y0PUB"
2883;1582;79844;1;9.38;9.38;0;9.38;0;6;3108;19;NULL;"cyhz48sd5RaAtNTWXo4"
2884;1582;80870;2;8.97;17.94;0;17.94;0;6;3108;19;NULL;"87kZZOQ55dxnv0sa"
2885;1582;461882;2;6.5;13;0;13;0;6;3108;19;NULL;"2PhjV86Aivo67aSBi3X"
2888;1585;116950;1;13.51;13.51;0;13.51;0;6;3114;19;NULL;"3ZbdvIJT0t92DvNz9t"
2893;1588;446563;4;5.84;23.36;0;23.36;0;6;3117;19;NULL;"MxiuNluJmhmR33qJXC"
2894;1588;79413;3;6.98;20.94;0;20.94;0;6;3117;19;NULL;"8tZ1z3ghAXYkwbJ"
2895;1589;106385;1;51.07;51.07;0;51.07;0;6;3119;7;NULL;"KosgGDs87Gzjbj6jRJD"
2898;1591;90767;2;10.46;20.92;0;20.92;0;6;3122;19;NULL;"uO2Pkn6gzwjLZLGsIe"
2899;1591;79542;1;9.79;9.79;0;9.79;0;6;3122;19;NULL;"tGPE6T0cHw8vuI5oR"
2905;1595;320274;1;6.8;6.8;0;6.8;0;6;3128;19;NULL;"dtUYtDOJFQh1XHbMc2"
2906;1595;83849;1;22.71;22.71;0;22.71;0;6;3128;7;NULL;"04msuCi5cHOwk2vxTk1"
2907;1596;229663;1;253.41;253.41;0;253.41;0;6;3130;19;NULL;"2GQUg5XEnAe9zXjw"
2908;1597;100480;3;15.57;46.71;0;46.71;0;6;3131;19;NULL;"tabioQPB37ey3ov"
2909;1598;112432;10;1.7;17;0;17;0;6;3132;19;NULL;"bfYsIRV9wvavzr1QE"
2910;1599;112432;10;1.7;17;0;17;0;6;3133;19;NULL;"bfYsIRV9wvavzr1QE"
2911;1600;112432;10;1.7;17;0;17;0;6;3134;19;NULL;"bfYsIRV9wvavzr1QE"
2912;1601;112432;10;1.7;17;0;17;0;6;3135;19;NULL;"bfYsIRV9wvavzr1QE"
2914;1603;183525;1;91.25;91.25;0;91.25;0;6;3138;19;NULL;"bBresg22WawCV8Cw"
2915;1604;621470;1;46.46;46.46;0;46.46;0;6;3140;7;NULL;"YimPo68nJ5S2J4ylet"
2916;1604;453232;1;36.75;36.75;0;36.75;0;6;3140;7;NULL;"wh5TfJTNy36LKJSOWoY"
2919;1607;534562;5;6.18;30.9;0;30.9;0;6;3144;19;NULL;"nB5iSRmNB5tws9R"
2920;1608;107938;3;12.95;38.85;0;38.85;0;6;3155;7;NULL;"y5yQ6rQuVrV8N20y"
2921;1609;91318;1;6.26;6.26;0;6.26;0;6;3148;19;NULL;"Y0IvL1ik0HVJRRG"
2925;1613;457979;4;22.75;91;0;91;0;6;3154;19;NULL;"tfuJi5V40sEuauwlO"
2927;1615;107938;2;12.95;25.9;0;25.9;0;6;3158;7;NULL;"y5yQ6rQuVrV8N20y"
2933;1617;93324;1;13.02;13.02;0;13.02;0;6;3161;19;NULL;"1ITq6ZzCSiGCT397"
2934;1617;192851;1;14.62;14.62;0;14.62;0;6;3161;19;NULL;"qHrrn5ql1qcoL1kATzo"
2935;1617;89109;1;11.44;11.44;0;11.44;0;6;3161;19;NULL;"6LvGMiGZ1ysswZ9"
2936;1617;89108;1;11.44;11.44;0;11.44;0;6;3161;19;NULL;"hlqcQ3qL2RYSLzCtirXq"
2937;1617;668613;1;16.52;16.52;0;16.52;0;6;3161;19;NULL;"UsagsX1lbEwcrDxjmXKg"
2938;1618;101859;2;17.09;34.18;0;34.18;0;6;3163;7;NULL;"iKxmCJLjD4zxAQS"
2939;1618;79419;1;10.64;10.64;0;10.64;0;6;3163;19;NULL;"OZBhOSLULhtlV75XjZbP"
2940;1618;79553;2;10.29;20.58;0;20.58;0;6;3163;19;NULL;"iVcQLAiI5dy2LPV"
2941;1618;84581;1;15.43;15.43;0;15.43;0;6;3163;7;NULL;"N9jwaIlpHYrtcs9Ese"
2942;1618;534562;2;6.18;12.36;0;12.36;0;6;3163;19;NULL;"nB5iSRmNB5tws9R"
2943;1618;79976;2;11.69;23.38;0;23.38;0;6;3163;19;NULL;"T6477zwa83ofNgl7P"
2944;1619;435183;2;22.22;44.44;0;44.44;0;6;3165;19;NULL;"aoQcis6ep5BsV4TmWyv"
2948;1623;101205;3;4.91;14.73;0;14.73;0;6;3171;7;NULL;"fkPnQNG1qgijwNV7J"
2949;1624;109713;1;20.96;20.96;0;20.96;0;6;3173;7;NULL;"ppFL5PolY3QraH7Np0"
2950;1624;310368;1;8.74;8.74;0;8.74;0;6;3173;7;NULL;"EWLVFbVnlPOlebkYl"
2951;1624;650548;1;23.73;23.73;0;23.73;0;6;3173;7;NULL;"r9QazPC4VlNU7LZ7"
2952;1625;90841;3;1.99;5.97;0;5.97;0;6;3175;19;NULL;"2Mbvn7S8aewQjtByHNv"
2956;1627;641627;1;52.32;52.32;0;52.32;0;6;3178;19;NULL;"2rBjt2IjGCUOzW2dWx"
2957;1627;326223;1;30.83;30.83;0;30.83;0;6;3178;19;NULL;"ruB2zFSvYhSdtWLea"
2958;1627;60115;1;26.65;26.65;0;26.65;0;6;3178;19;NULL;"Fbt2Sl8sfttzl4ZhvHZ"
2968;1629;80316;1;4.6;4.6;0;4.6;0;6;3181;19;NULL;"KELcANnyvR5CoTHqX"
2969;1629;2571;1;9.04;9.04;0;9.04;0;6;3181;19;NULL;"2REXFHQuNHAUqLj"
2970;1629;63978;1;35.49;35.49;0;35.49;0;6;3181;19;NULL;"9y026jQJKLp5JLvgcuDg"
2971;1629;105410;1;10.01;10.01;0;10.01;0;6;3181;7;NULL;"pomlb3TePJEZEvZbB"
2972;1629;92915;1;4.21;4.21;0;4.21;0;6;3181;19;NULL;"YYglx1mSkYubZaTzbxo"
2973;1629;101252;1;6.65;6.65;0;6.65;0;6;3181;19;NULL;"cPIwxmygTzswt2y5G"
2974;1629;84036;1;14.28;14.28;0;14.28;0;6;3181;19;NULL;"W2E8EWVYlAi79D4Kyp"
2975;1629;633328;1;17.36;17.36;0;17.36;0;6;3181;19;NULL;"ogevWnl7zjW5zJYbPHdb"
2976;1629;598338;1;14.8;14.8;0;14.8;0;6;3181;7;NULL;"qexXIGasriZY6BXEid"
2985;1632;435483;1;11.45;11.45;0;11.45;0;6;3186;7;NULL;"A0XDFHJy6nHNVoP6Jta"
2986;1632;117325;1;13.16;13.16;0;13.16;0;6;3186;7;NULL;"6qyXXtAw2azfhTej3dna"
2987;1632;634193;1;4.82;4.82;0;4.82;0;6;3186;19;NULL;"8z2a4s79y8BvcXs"
2996;1635;152860;1;11.75;11.75;0;11.75;0;6;3190;19;NULL;"gPGCcMVLbQMEpnw75"
2997;1635;117234;1;9.04;9.04;0;9.04;0;6;3190;19;NULL;"WK4nQzjnxH5TCMXkiA8"
2998;1635;83115;1;4.94;4.94;0;4.94;0;6;3190;19;NULL;"3i9XtORslEYm7aQpocz"
2999;1635;80576;1;4.3;4.3;0;4.3;0;6;3190;19;NULL;"sDYYz9ROmKCaUjLDk3Cf"
3000;1636;190702;2;42.1;84.2;0;84.2;0;6;3192;19;NULL;"4RBh9HUJJjA6T3aAdK0f"
3002;1638;79766;2;65.48;130.96;0;130.96;0;6;3194;19;NULL;"e2hvCNXHLzvjY3VbN"
3003;1638;100480;2;18.96;37.92;0;37.92;0;6;3194;19;NULL;"tabioQPB37ey3ov"
3004;1638;79734;2;33.43;66.86;0;66.86;0;6;3194;19;NULL;"vV2yDY1WHZCc5Pcysn"
3006;1640;7845;2;29.16;58.32;0;58.32;0;6;3196;19;NULL;"Bti2BkiXKXhcotd"
3007;1641;632643;3;8.38;25.14;0;25.14;0;6;3198;19;NULL;"lVsuucD3Dn38hnbc4rf1"
3010;1644;680596;4;11.22;44.88;0;44.88;0;6;3202;7;NULL;"Sf6uPceqauij3eEvl"
3011;1645;632643;4;8.38;33.52;0;33.52;0;6;3205;19;NULL;"lVsuucD3Dn38hnbc4rf1"
3013;1647;7845;2;29.16;58.32;0;58.32;0;6;3208;19;NULL;"Bti2BkiXKXhcotd"
3016;1649;632643;2;8.38;16.76;0;16.76;0;6;3211;19;NULL;"lVsuucD3Dn38hnbc4rf1"
3017;1650;1;1;7.8;7.8;0;7.8;0;6;3213;19;NULL;"dvzhDJYpQGmH90s"
3018;1651;107938;5;12.95;64.75;0;64.75;0;6;3214;7;NULL;"y5yQ6rQuVrV8N20y"
3020;1653;435183;3;22.22;66.66;0;66.66;0;6;3217;19;NULL;"aoQcis6ep5BsV4TmWyv"
3026;1659;92449;5;5.35;26.75;0;26.75;0;6;3225;19;NULL;"pAr5unMigzIBZsy"
3027;1660;91318;3;7.26;21.78;0;21.78;0;6;3227;19;NULL;"Y0IvL1ik0HVJRRG"
3035;1667;516213;4;11.41;45.64;0;45.64;0;6;3235;19;NULL;"eWukdNyFiuvsASsYJJY"
3036;1668;273268;5;4.45;22.25;0;22.25;0;6;3237;19;NULL;"SluGa0hvePuxKB6z"
3037;1669;347778;1;45.54;45.54;0;45.54;0;6;3239;19;NULL;"3lkleFL0ESgKQG7i9AzD"
3038;1670;119316;1;21.62;21.62;0;21.62;0;6;3241;19;NULL;"G2ywAiiEUkNTrOr"
3039;1671;644760;2;19.42;38.84;0;38.84;0;6;3243;7;NULL;"OPhGmzh3YLtz0JbLTLk"
3040;1672;234324;5;5.91;29.55;0;29.55;0;6;3245;19;NULL;"PMYk9jh7zRjB4Eh"
3042;1674;359419;2;25.9;51.8;0;51.8;0;6;3248;19;NULL;"f0dppPAO4scvZqRKKt"
3043;1675;100480;1;18.96;18.96;0;18.96;0;6;3250;19;NULL;"tabioQPB37ey3ov"
3045;1677;520002;3;22.38;67.14;0;67.14;0;6;3252;19;NULL;"7QNIizxAtWxPn4Lpq3"
3049;1681;520002;3;22.38;67.14;0;67.14;0;6;3256;19;NULL;"7QNIizxAtWxPn4Lpq3"
3052;1684;345695;1;36.65;36.65;0;36.65;0;6;3262;7;NULL;"z1bAZtjNiwb2zeI86N"
3055;1687;360162;1;20.96;20.96;0;20.96;0;6;3266;19;NULL;"UFeYrRef3xdEJyBLLn35"
3058;1689;435606;1;38.41;38.41;0;38.41;0;6;3269;7;NULL;"rkVoAGxPQRJgq3hq1z"
3059;1689;81687;1;13.93;13.93;0;13.93;0;6;3269;19;NULL;"6v6MXoVigplDEBnWpGk"
3061;1691;90767;5;12.2;61;0;61;0;6;3272;19;NULL;"uO2Pkn6gzwjLZLGsIe"
3062;1692;80732;1;24.22;24.22;0;24.22;0;6;3274;7;NULL;"Bpj0kPJiFcRhDLB"
3066;1694;93374;1;12.61;12.61;0;12.61;0;6;3277;19;NULL;"Rg1YR0N6mZEBgX08"
3067;1694;80556;1;1.5;1.5;0;1.5;0;6;3277;19;NULL;"tF1Tgzbdo4zFt7tjH"
3068;1694;117642;1;4.53;4.53;0;4.53;0;6;3277;19;NULL;"wuIbpzbEX2eVJqXg"
3081;1700;81574;1;82.49;82.49;0;82.49;0;6;3284;7;NULL;"e24CPRrD0RgqTpAAGP"
3082;1701;104772;1;10.33;10.33;0;10.33;0;6;3286;7;NULL;"CTqWaVtqXsvxhRyv"
3084;1703;117881;4;13.34;53.36;0;53.36;0;6;3290;19;NULL;"jBvfiSENeWk8HS2CA"
3088;1705;80161;1;15.85;15.85;0;15.85;0;6;3293;19;NULL;"2ococncB0qbohBEx"
3089;1705;106188;1;15.57;15.57;0;15.57;0;6;3293;19;NULL;"0A29nlvFBU3TyZxC"
3090;1705;119026;3;11.74;35.22;0;35.22;0;6;3293;19;NULL;"DoegoQbruuZlC2uMdx"
3091;1706;114537;5;4.81;24.05;0;24.05;0;6;3295;19;NULL;"QCvSD0HmWRDUi68xDCU"
3093;1708;166145;1;27.39;27.39;0;27.39;0;6;3298;19;NULL;"7n2aJjGFM3DuFUybpGIP"
3094;1709;98605;5;2.9;14.5;0;14.5;0;6;3300;19;NULL;"P45D7GZ5i78JIuWyW0"
3095;1710;435606;1;38.41;38.41;0;38.41;0;6;3302;7;NULL;"rkVoAGxPQRJgq3hq1z"
3096;1710;85143;1;9.84;9.84;0;9.84;0;6;3302;19;NULL;"BSE1jIZfLnFuGVGb"
3098;1712;82493;4;13.52;54.08;0;54.08;0;6;3305;19;NULL;"EQ97yJEbTJr1lrdIm7B"
3099;1713;435606;1;38.41;38.41;0;38.41;0;6;3307;7;NULL;"rkVoAGxPQRJgq3hq1z"
3100;1714;110088;1;27.19;27.19;0;27.19;0;6;3309;19;NULL;"0L6mL9Knu9WgiT4"
3101;1714;372902;1;14.86;14.86;0;14.86;0;6;3309;19;NULL;"5yH18gOpR37S9w7"
3103;1716;83569;1;22.2;22.2;0;22.2;0;6;3312;19;NULL;"bSXoifTWvfXz4Vq"
3105;1718;446563;2;7.59;15.18;0;15.18;0;6;3315;19;NULL;"MxiuNluJmhmR33qJXC"
3109;1721;101823;2;5.68;11.36;0;11.36;0;6;3320;19;NULL;"Kb2iBYloMoTKphJ"
3110;1722;632643;2;10.89;21.78;0;21.78;0;6;3322;19;NULL;"lVsuucD3Dn38hnbc4rf1"
3111;1723;109527;2;23.66;47.32;0;47.32;0;6;3324;19;NULL;"ZXJya3fquVSuL3ahK"
3113;1725;112900;3;9.88;29.64;0;29.64;0;6;3328;19;NULL;"hbx3E2cet1TVqiE5"
3116;1728;99978;1;15.86;15.86;0;15.86;0;6;3332;19;NULL;"BgVgUeTYqBEOxcikUqx"
3118;1730;107430;1;42.52;42.52;0;42.52;0;6;3336;19;NULL;"jpMIiaCQUhDXuQdT"
3119;1731;146972;3;39.1;117.3;0;117.3;0;6;3339;19;NULL;"uEwJTD0mdbywM4rre"
3120;1732;86276;2;24.39;48.78;0;48.78;0;6;3342;19;NULL;"ZJpkFxzp8yoh6FAzA"
3121;1733;520944;3;3.84;11.52;0;11.52;0;6;3344;7;NULL;"bamUZ0GHGKufXgte"
3122;1734;109515;3;5.78;17.34;0;17.34;0;6;3346;19;NULL;"qA47DWv5cTEbpEM"
3124;1736;435606;1;61.15;61.15;0;61.15;0;6;3350;7;NULL;"rkVoAGxPQRJgq3hq1z"
3125;1737;85243;1;9.89;9.89;0;9.89;0;6;3352;19;NULL;"qgYYIjYM3VfIXPz"
3126;1738;80829;1;6.1;6.1;0;6.1;0;6;3354;19;NULL;"H8yf94ERoV5bUcvq"
3129;1741;101840;3;25.48;76.44;0;76.44;0;6;3358;19;NULL;"ooUngNw8HtXECSG"
3130;1742;254272;3;8.29;24.87;0;24.87;0;6;3360;19;NULL;"TDaj7e4me61QvOYq"
3131;1743;254273;1;8.29;8.29;0;8.29;0;6;3362;19;NULL;"oCbbxk3f6xDSgVlyZST"
3142;1749;112175;3;3.76;11.28;0;11.28;0;6;3370;19;NULL;"EsFKnzM5d3XUuX4yI"
3143;1749;500467;1;7.14;7.14;0;7.14;0;6;3370;19;NULL;"BgnBMs7OW5fwAmcbtxBy"
3144;1749;501662;1;6.94;6.94;0;6.94;0;6;3370;19;NULL;"RVBeYdxMtgUwp6WWQv"
3146;1751;85436;3;1.88;5.64;0;5.64;0;6;3373;7;NULL;"UVB7wMKcbLgVrTIS0"
3148;1753;218053;3;14.57;43.71;0;43.71;0;6;3376;19;NULL;"8x8F17Y72EFS0iLmz"
3149;1754;217782;3;11.14;33.42;0;33.42;0;6;3377;19;NULL;"FqdGpO5VSj2FCkcuu"
3150;1755;218067;3;14.57;43.71;0;43.71;0;6;3381;19;NULL;"SyqgJscyZIuPGXUlNlze"
3154;1759;220655;1;37.13;37.13;0;37.13;0;6;3387;19;NULL;"kMHU7w6Ujou9X6IsZ"
3158;1763;111303;1;47.5;47.5;0;47.5;0;6;3392;19;NULL;"AtXFcc64LDuJSTqOtiM"
3160;1765;8486;3;23.06;69.18;0;69.18;0;6;3395;19;NULL;"n30menCWrMl0qHbt39v"
3161;1766;82493;1;17.58;17.58;0;17.58;0;6;3397;19;NULL;"EQ97yJEbTJr1lrdIm7B"
3162;1767;241150;3;8.2;24.6;0;24.6;0;6;3399;19;NULL;"2rQizgS9bfNIhjZ"
3163;1768;315558;1;167.43;167.43;0;167.43;0;6;3401;19;NULL;"LcyZSbXGVQQcmRHQL7Of"
