id;ad_order_id;vendor_id;"number";items_total;shipping_total;adjustments_total;total;"currency";"shipment_completed_at";"created_at";"updated_at";"payment_status"
1;13;6;"XYZZ0043-27001915091";2.45;3.9;0;6.35;"EUR";NULL;"2019-09-10 00:27:42";"2019-09-10 00:27:42";"paid"
2;22;6;"XYZZ0033-43071906091";73.21;0;0;73.21;"EUR";NULL;"2019-09-18 07:44:50";"2019-09-18 07:44:50";"paid"
3;23;6;"XYZZ0061-23141959091";89;0;0;89;"EUR";NULL;"2019-09-18 14:25:17";"2019-09-18 14:25:17";"paid"
5;24;6;"XYZZ0039-23181947091";19.1;3.9;0;23;"EUR";NULL;"2019-09-18 18:25:51";"2019-09-18 18:25:51";"paid"
6;32;6;"XYZZ0048-18201921091";48.88;0;0;48.88;"EUR";NULL;"2019-09-18 20:22:20";"2019-09-18 20:22:20";"paid"
7;35;6;"XYZZ0083-53201919091";47.04;0;0;47.04;"EUR";NULL;"2019-09-18 20:54:07";"2019-09-18 20:54:07";"paid"
8;41;6;"XYZZ0094-53131951091";42.08;0;0;42.08;"EUR";NULL;"2019-09-19 13:55:09";"2019-09-19 13:55:09";"paid"
9;44;6;"XYZZ0061-35151940091";28.04;3.9;0;31.94;"EUR";NULL;"2019-09-19 15:38:51";"2019-09-19 15:38:51";"paid"
10;47;6;"XYZZ0105-45151903091";69.43;0;0;69.43;"EUR";NULL;"2019-09-19 15:49:21";"2019-09-19 15:49:21";"paid"
11;49;6;"XYZZ0109-41161927091";88.69;0;0;88.69;"EUR";NULL;"2019-09-19 16:42:21";"2019-09-19 16:42:21";"paid"
12;50;6;"XYZZ0068-49161944091";9.42;3.9;0;13.32;"EUR";NULL;"2019-09-19 16:51:21";"2019-09-19 16:51:21";"paid"
13;51;6;"XYZZ0112-57161906091";73.38;0;0;73.38;"EUR";NULL;"2019-09-19 17:00:30";"2019-09-19 17:00:30";"paid"
14;52;6;"XYZZ0069-21171924091";74.14;0;0;74.14;"EUR";NULL;"2019-09-19 17:22:18";"2019-09-19 17:22:18";"paid"
15;54;6;"XYZZ0067-24171944091";47.94;0;0;47.94;"EUR";NULL;"2019-09-19 17:29:07";"2019-09-19 17:29:07";"paid"
16;55;6;"XYZZ0120-41171912091";82.78;0;0;82.78;"EUR";NULL;"2019-09-19 17:42:29";"2019-09-19 17:42:29";"paid"
17;61;6;"XYZZ0131-48201937091";52.37;0;0;52.37;"EUR";NULL;"2019-09-19 20:53:08";"2019-09-19 20:53:08";"paid"
18;63;6;"XYZZ0134-41211913091";67;0;0;67;"EUR";NULL;"2019-09-19 21:49:53";"2019-09-19 21:49:53";"paid"
19;70;6;"XYZZ0090-29221942091";53.6;0;0;53.6;"EUR";NULL;"2019-09-19 22:30:43";"2019-09-19 22:30:43";"paid"
20;72;6;"XYZZ0091-45221944091";40.98;0;0;40.98;"EUR";NULL;"2019-09-19 22:49:12";"2019-09-19 22:49:12";"paid"
21;76;6;"XYZZ0097-19231930091";20.24;3.9;0;24.14;"EUR";NULL;"2019-09-19 23:21:21";"2019-09-19 23:21:21";"paid"
22;79;6;"XYZZ0164-37231952091";41.39;0;0;41.39;"EUR";NULL;"2019-09-19 23:39:43";"2019-09-19 23:39:43";"paid"
24;88;6;"XYZZ0114-29041931091";82.78;0;0;82.78;"EUR";NULL;"2019-09-20 04:33:48";"2019-09-20 04:33:48";"paid"
25;95;6;"XYZZ0193-57081919091";19.8;3.9;0;23.7;"EUR";NULL;"2019-09-20 09:02:29";"2019-09-20 09:02:29";"paid"
26;97;6;"XYZZ0196-22091935091";125.99;0;0;125.99;"EUR";NULL;"2019-09-20 09:26:48";"2019-09-20 09:26:48";"paid"
27;98;6;"XYZZ0121-42091923091";125.99;0;0;125.99;"EUR";NULL;"2019-09-20 09:43:27";"2019-09-20 09:43:27";"paid"
28;100;6;"XYZZ0126-49091912091";46.1;0;0;46.1;"EUR";NULL;"2019-09-20 09:51:31";"2019-09-20 09:51:31";"paid"
29;101;6;"XYZZ0204-18101931091";82.78;0;0;82.78;"EUR";NULL;"2019-09-20 10:19:47";"2019-09-20 10:19:47";"paid"
30;104;6;"XYZZ0130-46101925091";41.39;0;0;41.39;"EUR";NULL;"2019-09-20 10:50:00";"2019-09-20 10:50:00";"paid"
31;105;6;"XYZZ0211-20111957091";40.48;0;0;40.48;"EUR";NULL;"2019-09-20 11:21:59";"2019-09-20 11:21:59";"paid"
32;106;6;"XYZZ0134-29111948091";53.6;0;0;53.6;"EUR";NULL;"2019-09-20 11:33:49";"2019-09-20 11:33:49";"paid"
33;107;6;"XYZZ0215-59111933091";59.4;0;0;59.4;"EUR";NULL;"2019-09-20 12:00:46";"2019-09-20 12:00:46";"paid"
34;86;6;"XYZZ0111-16021916091";512.7;0;0;512.7;"EUR";NULL;"2019-09-20 12:59:24";"2019-09-20 12:59:24";"paid"
35;110;6;"XYZZ0142-38141951091";44.04;0;0;44.04;"EUR";NULL;"2019-09-20 14:40:02";"2019-09-20 14:40:02";"paid"
36;112;6;"XYZZ0145-03151900091";77.68;0;0;77.68;"EUR";NULL;"2019-09-20 15:06:07";"2019-09-20 15:06:07";"paid"
37;113;6;"XYZZ0226-53151925091";40.48;0;0;40.48;"EUR";NULL;"2019-09-20 15:55:20";"2019-09-20 15:55:20";"paid"
38;114;6;"XYZZ0149-04171917091";13.94;3.9;0;17.84;"EUR";NULL;"2019-09-20 17:05:56";"2019-09-20 17:05:56";"paid"
39;118;6;"XYZZ0150-31181918091";42.86;0;0;42.86;"EUR";NULL;"2019-09-20 18:33:04";"2019-09-20 18:33:04";"paid"
40;120;6;"XYZZ0155-09201952091";43.26;0;0;43.26;"EUR";NULL;"2019-09-20 20:12:27";"2019-09-20 20:12:27";"paid"
41;123;6;"XYZZ0244-08211952091";38.52;3.9;0;42.42;"EUR";NULL;"2019-09-20 21:10:31";"2019-09-20 21:10:31";"paid"
42;129;6;"XYZZ0255-18091903091";40.47;0;0;40.47;"EUR";NULL;"2019-09-21 09:19:09";"2019-09-21 09:19:09";"paid"
43;131;6;"XYZZ0259-06101936091";41.39;0;0;41.39;"EUR";NULL;"2019-09-21 10:08:53";"2019-09-21 10:08:53";"paid"
44;136;6;"XYZZ0169-04111933091";82.78;0;0;82.78;"EUR";NULL;"2019-09-21 11:11:38";"2019-09-21 11:11:38";"paid"
45;146;6;"XYZZ0183-35131940091";125.99;0;0;125.99;"EUR";NULL;"2019-09-21 13:38:07";"2019-09-21 13:38:07";"paid"
46;150;6;"XYZZ0188-14151942091";22.86;3.99;0;26.85;"EUR";NULL;"2019-09-21 15:17:01";"2019-09-21 15:17:01";"paid"
47;153;6;"XYZZ0299-16151933091";35.37;3.99;0;39.36;"EUR";NULL;"2019-09-21 15:18:06";"2019-09-21 15:18:06";"paid"
48;155;6;"XYZZ0303-25151907091";46.05;0;0;46.05;"EUR";NULL;"2019-09-21 15:31:23";"2019-09-21 15:31:23";"paid"
49;157;6;"XYZZ0306-33151902091";11.43;3.99;0;15.42;"EUR";NULL;"2019-09-21 15:34:00";"2019-09-21 15:34:00";"paid"
50;158;6;"XYZZ0200-36151956091";19.05;3.99;0;23.04;"EUR";NULL;"2019-09-21 15:37:38";"2019-09-21 15:37:38";"paid"
51;160;6;"XYZZ0202-07161957091";21.96;3.99;0;25.95;"EUR";NULL;"2019-09-21 16:09:29";"2019-09-21 16:09:29";"paid"
52;166;6;"XYZZ0211-26161920091";95.4;0;0;95.4;"EUR";NULL;"2019-09-21 16:29:45";"2019-09-21 16:29:45";"paid"
53;169;6;"XYZZ0328-29161904091";15.18;3.99;0;19.17;"EUR";NULL;"2019-09-21 16:29:58";"2019-09-21 16:29:58";"paid"
54;170;6;"XYZZ0215-31161910091";30.78;3.99;0;34.77;"EUR";NULL;"2019-09-21 16:33:30";"2019-09-21 16:33:30";"paid"
55;172;6;"XYZZ0218-40161907091";77.73;0;0;77.73;"EUR";NULL;"2019-09-21 16:44:01";"2019-09-21 16:44:01";"paid"
56;175;6;"XYZZ0339-41171959091";43.47;0;0;43.47;"EUR";NULL;"2019-09-21 17:44:02";"2019-09-21 17:44:02";"paid"
57;177;6;"XYZZ0343-27181946091";19.86;3.99;0;23.85;"EUR";NULL;"2019-09-21 18:31:09";"2019-09-21 18:31:09";"paid"
58;180;6;"XYZZ0223-11011936091";76.95;0;0;76.95;"EUR";NULL;"2019-09-22 01:15:44";"2019-09-22 01:15:44";"paid"
59;188;6;"XYZZ0238-24021939091";83.58;0;0;83.58;"EUR";NULL;"2019-09-22 02:25:43";"2019-09-22 02:25:43";"paid"
60;188;6;"AD-0010238-24021939091";83.58;0;0;83.58;"EUR";NULL;"2019-09-22 02:30:52";"2019-09-22 02:30:52";"paid"
61;191;6;"XYZZ0368-56081908091";20.94;3.99;0;24.93;"EUR";NULL;"2019-09-22 08:56:59";"2019-09-22 08:56:59";"paid"
62;192;6;"XYZZ0242-06091943091";24.9;3.99;0;28.89;"EUR";NULL;"2019-09-22 09:09:20";"2019-09-22 09:09:20";"paid"
63;193;6;"XYZZ0372-25091915091";50.22;0;0;50.22;"EUR";NULL;"2019-09-22 09:27:41";"2019-09-22 09:27:41";"paid"
64;195;6;"XYZZ0376-41091932091";42.38;0;0;42.38;"EUR";NULL;"2019-09-22 09:43:19";"2019-09-22 09:43:19";"paid"
65;201;6;"XYZZ0387-00101926091";38.11;3.99;0;42.1;"EUR";NULL;"2019-09-22 10:20:50";"2019-09-22 10:20:50";"paid"
66;202;6;"XYZZ0256-31141920091";54.63;0;0;54.63;"EUR";NULL;"2019-09-22 14:33:26";"2019-09-22 14:33:26";"paid"
67;203;6;"XYZZ0390-14151939091";5.84;3.99;0;9.83;"EUR";NULL;"2019-09-22 15:16:44";"2019-09-22 15:16:44";"paid"
68;205;6;"XYZZ0394-09171917091";43.7;0;0;43.7;"EUR";NULL;"2019-09-22 17:11:26";"2019-09-22 17:11:26";"paid"
69;207;6;"XYZZ0398-07181940091";30.96;3.99;0;34.95;"EUR";NULL;"2019-09-22 18:12:40";"2019-09-22 18:12:40";"paid"
70;209;6;"XYZZ0401-20181929091";550.9;0;0;550.9;"EUR";NULL;"2019-09-22 18:26:33";"2019-09-22 18:26:33";"paid"
71;211;6;"XYZZ0405-04191956091";51.12;0;0;51.12;"EUR";NULL;"2019-09-22 19:08:36";"2019-09-22 19:08:36";"paid"
72;214;6;"XYZZ0266-02201915091";42.46;0;0;42.46;"EUR";NULL;"2019-09-22 20:11:08";"2019-09-22 20:11:08";"paid"
73;215;6;"XYZZ0412-03221947091";23.04;3.99;0;27.03;"EUR";NULL;"2019-09-22 22:06:47";"2019-09-22 22:06:47";"paid"
74;220;6;"XYZZ0273-29221919091";40.32;0;0;40.32;"EUR";NULL;"2019-09-22 22:31:16";"2019-09-22 22:31:16";"paid"
75;221;6;"XYZZ0423-26231935091";45.01;0;0;45.01;"EUR";NULL;"2019-09-22 23:29:27";"2019-09-22 23:29:27";"paid"
76;226;6;"XYZZ0281-52091959091";48;0;0;48;"EUR";NULL;"2019-09-23 09:55:29";"2019-09-23 09:55:29";"paid"
77;228;6;"XYZZ0288-54091921091";25.76;3.99;0;29.75;"EUR";NULL;"2019-09-23 09:56:17";"2019-09-23 09:56:17";"paid"
78;231;6;"XYZZ0442-58121931091";17.94;3.99;0;21.93;"EUR";NULL;"2019-09-23 13:00:18";"2019-09-23 13:00:18";"paid"
79;232;6;"XYZZ0288-18131935091";49.77;0;0;49.77;"EUR";NULL;"2019-09-23 13:23:34";"2019-09-23 13:23:34";"paid"
80;234;6;"XYZZ0289-33131928091";9.45;3.99;0;13.44;"EUR";NULL;"2019-09-23 13:38:51";"2019-09-23 13:38:51";"paid"
81;236;6;"XYZZ0298-55171944091";23.22;3.99;0;27.21;"EUR";NULL;"2019-09-23 17:57:09";"2019-09-23 17:57:09";"paid"
82;239;6;"XYZZ0456-50211931091";42.92;0;0;42.92;"EUR";NULL;"2019-09-23 21:51:20";"2019-09-23 21:51:20";"paid"
83;238;6;"XYZZ0301-49211906091";19.25;3.99;0;23.24;"EUR";NULL;"2019-09-23 21:54:50";"2019-09-23 21:54:50";"paid"
84;250;6;"XYZZ0314-57091917091";92.12;0;0;92.12;"EUR";NULL;"2019-09-24 10:09:34";"2019-09-24 10:09:34";"paid"
85;252;6;"XYZZ0314-34191935091";15.36;3.99;0;19.35;"EUR";NULL;"2019-09-25 19:38:28";"2019-09-25 19:38:28";"paid"
86;253;6;"XYZZ0482-22201941091";98.2;0;0;98.2;"EUR";NULL;"2019-09-25 20:29:52";"2019-09-25 20:29:52";"paid"
87;257;6;"XYZZ0489-03211922091";138.2;0;0;138.2;"EUR";NULL;"2019-09-25 21:04:25";"2019-09-25 21:04:25";"paid"
88;258;6;"XYZZ0318-59211917091";42.36;0;0;42.36;"EUR";NULL;"2019-09-25 22:01:07";"2019-09-25 22:01:07";"paid"
89;260;6;"XYZZ0322-12101959091";62.5;0;0;62.5;"EUR";NULL;"2019-09-26 10:16:47";"2019-09-26 10:16:47";"paid"
90;263;6;"XYZZ0500-05131927091";55.02;0;0;55.02;"EUR";NULL;"2019-09-26 13:08:23";"2019-09-26 13:08:23";"paid"
91;269;6;"XYZZ0511-43161930091";26.98;3.99;0;30.97;"EUR";NULL;"2019-09-26 16:44:36";"2019-09-26 16:44:36";"paid"
92;271;6;"XYZZ0515-09171910091";121.04;0;0;121.04;"EUR";NULL;"2019-09-26 17:11:16";"2019-09-26 17:11:16";"paid"
93;272;6;"XYZZ0343-33171953091";40.25;0;0;40.25;"EUR";NULL;"2019-09-26 17:35:57";"2019-09-26 17:35:57";"paid"
94;273;6;"XYZZ0518-32211910091";55.13;0;0;55.13;"EUR";NULL;"2019-09-26 21:39:16";"2019-09-26 21:39:16";"paid"
95;274;6;"XYZZ0346-14231953091";41.8;0;0;41.8;"EUR";NULL;"2019-09-26 23:16:02";"2019-09-26 23:16:02";"paid"
96;275;6;"XYZZ0522-24011929091";43.8;0;0;43.8;"EUR";NULL;"2019-09-27 01:26:14";"2019-09-27 01:26:14";"paid"
97;280;6;"XYZZ0349-57071948091";37.86;3.99;0;41.85;"EUR";NULL;"2019-09-28 08:02:35";"2019-09-28 08:02:35";"paid"
98;283;6;"XYZZ0537-16091951091";43.78;0;0;43.78;"EUR";NULL;"2019-09-28 09:17:55";"2019-09-28 09:17:55";"paid"
99;284;6;"XYZZ0353-22101940091";27.98;3.99;0;31.97;"EUR";NULL;"2019-09-28 10:24:35";"2019-09-28 10:24:35";"paid"
100;291;6;"XYZZ0551-24211935091";37.72;3.99;0;41.71;"EUR";NULL;"2019-09-28 21:26:37";"2019-09-28 21:26:37";"paid"
101;295;6;"XYZZ0559-02011915091";29.52;3.99;0;33.51;"EUR";NULL;"2019-09-29 01:07:19";"2019-09-29 01:07:19";"paid"
102;301;6;"XYZZ0570-51101946091";55.98;0;0;55.98;"EUR";NULL;"2019-09-29 10:53:39";"2019-09-29 10:53:39";"paid"
103;305;6;"XYZZ0577-54121928091";29.52;3.99;0;33.51;"EUR";NULL;"2019-09-29 12:55:19";"2019-09-29 12:55:19";"paid"
104;306;6;"XYZZ0384-57121956091";67.2;0;0;67.2;"EUR";NULL;"2019-09-29 12:59:45";"2019-09-29 12:59:45";"paid"
105;308;6;"XYZZ0383-19141951091";363.12;0;0;363.12;"EUR";NULL;"2019-09-29 14:25:15";"2019-09-29 14:25:15";"paid"
106;309;6;"XYZZ0584-10151925091";67.08;0;0;67.08;"EUR";NULL;"2019-09-29 15:12:59";"2019-09-29 15:12:59";"paid"
107;316;6;"XYZZ0392-44111910091";9.03;3.99;0;13.02;"EUR";NULL;"2019-09-30 11:46:33";"2019-09-30 11:46:33";"paid"
108;318;6;"XYZZ0393-04121942091";12.39;3.99;0;16.38;"EUR";NULL;"2019-09-30 12:09:02";"2019-09-30 12:09:02";"paid"
109;319;6;"XYZZ0603-02131911091";19.51;3.99;0;23.5;"EUR";NULL;"2019-09-30 13:06:45";"2019-09-30 13:06:45";"paid"
110;322;6;"XYZZ0400-08151913091";97.72;0;0;97.72;"EUR";NULL;"2019-09-30 15:14:16";"2019-09-30 15:14:16";"paid"
111;330;6;"XYZZ0408-03201953091";45.58;0;0;45.58;"EUR";NULL;"2019-09-30 20:09:10";"2019-09-30 20:09:10";"paid"
113;338;6;"XYZZ0418-00121952101";14.61;3.99;0;18.6;"EUR";NULL;"2019-10-01 12:01:59";"2019-10-01 12:01:59";"paid"
114;340;6;"XYZZ0419-12141914101";41.88;0;0;41.88;"EUR";NULL;"2019-10-01 14:14:10";"2019-10-01 14:14:10";"paid"
115;342;6;"XYZZ0421-17151947101";53.75;0;0;53.75;"EUR";NULL;"2019-10-01 15:19:58";"2019-10-01 15:19:58";"paid"
116;344;6;"XYZZ0424-48151948101";40.54;0;0;40.54;"EUR";NULL;"2019-10-01 15:50:49";"2019-10-01 15:50:49";"paid"
117;346;6;"XYZZ0427-58161900101";62.55;0;0;62.55;"EUR";NULL;"2019-10-01 16:59:15";"2019-10-01 16:59:15";"paid"
118;354;6;"XYZZ0436-08211932101";70.74;0;0;70.74;"EUR";NULL;"2019-10-01 21:10:00";"2019-10-01 21:10:00";"paid"
119;356;6;"XYZZ0441-20221944101";47.03;0;0;47.03;"EUR";NULL;"2019-10-01 22:23:04";"2019-10-01 22:23:04";"paid"
120;357;6;"XYZZ0672-49021955101";87;0;0;87;"EUR";NULL;"2019-10-02 02:52:32";"2019-10-02 02:52:32";"paid"
121;360;6;"XYZZ0445-55061919101";23.78;3.99;0;27.77;"EUR";NULL;"2019-10-02 06:56:41";"2019-10-02 06:56:41";"paid"
122;361;6;"XYZZ0679-10091925101";159.81;0;0;159.81;"EUR";NULL;"2019-10-02 09:12:16";"2019-10-02 09:12:16";"paid"
123;366;6;"XYZZ0455-58101916101";42.46;0;0;42.46;"EUR";NULL;"2019-10-02 10:58:57";"2019-10-02 10:58:57";"paid"
124;372;6;"XYZZ0463-52111922101";49;0;0;49;"EUR";NULL;"2019-10-02 11:54:46";"2019-10-02 11:54:46";"paid"
125;373;6;"XYZZ0701-07121942101";81.87;0;0;81.87;"EUR";NULL;"2019-10-02 12:09:36";"2019-10-02 12:09:36";"paid"
126;375;6;"XYZZ0705-09121912101";91.09;0;0;91.09;"EUR";NULL;"2019-10-02 12:10:10";"2019-10-02 12:10:10";"paid"
127;376;6;"XYZZ0469-02131951101";153.42;0;0;153.42;"EUR";NULL;"2019-10-02 13:12:05";"2019-10-02 13:12:05";"paid"
128;378;6;"XYZZ0473-51141951101";40.49;0;0;40.49;"EUR";NULL;"2019-10-02 14:56:03";"2019-10-02 14:56:03";"paid"
129;380;6;"XYZZ0472-37151953101";129.6;0;0;129.6;"EUR";NULL;"2019-10-02 15:41:09";"2019-10-02 15:41:09";"paid"
130;387;6;"XYZZ0727-24161948101";90.51;0;0;90.51;"EUR";NULL;"2019-10-02 16:28:31";"2019-10-02 16:28:31";"paid"
131;391;6;"XYZZ0734-14181930101";9.78;3.99;0;13.77;"EUR";NULL;"2019-10-02 18:16:42";"2019-10-02 18:16:42";"paid"
132;392;6;"XYZZ0485-16181910101";40.32;0;0;40.32;"EUR";NULL;"2019-10-02 18:18:22";"2019-10-02 18:18:22";"paid"
133;393;6;"XYZZ0738-24181916101";321.03;0;0;321.03;"EUR";NULL;"2019-10-02 18:27:05";"2019-10-02 18:27:05";"paid"
134;399;6;"XYZZ0749-11201946101";49.21;0;0;49.21;"EUR";NULL;"2019-10-02 21:05:48";"2019-10-02 21:05:48";"paid"
135;400;6;"XYZZ0496-54221914101";87.04;0;0;87.04;"EUR";NULL;"2019-10-02 23:01:59";"2019-10-02 23:01:59";"paid"
136;402;6;"XYZZ0501-52061928101";46.31;0;0;46.31;"EUR";NULL;"2019-10-03 06:53:39";"2019-10-03 06:53:39";"paid"
137;403;6;"XYZZ0756-55091953101";43.33;0;0;43.33;"EUR";NULL;"2019-10-03 10:00:16";"2019-10-03 10:00:16";"paid"
138;410;6;"XYZZ0505-19111930101";24.96;3.99;0;28.95;"EUR";NULL;"2019-10-03 11:20:24";"2019-10-03 11:20:24";"paid"
139;408;6;"XYZZ0510-18111923101";46.41;0;0;46.41;"EUR";NULL;"2019-10-03 11:20:30";"2019-10-03 11:20:30";"paid"
140;415;6;"XYZZ0778-24121944101";197.4;0;0;197.4;"EUR";NULL;"2019-10-03 12:26:55";"2019-10-03 12:26:55";"paid"
141;420;6;"XYZZ0525-50161949101";40.6;9.99;0;50.59;"EUR";NULL;"2019-10-03 16:54:41";"2019-10-03 16:54:41";"paid"
142;421;6;"XYZZ0789-09181902101";14.58;3.99;0;18.57;"EUR";NULL;"2019-10-03 18:10:32";"2019-10-03 18:10:32";"paid"
143;423;6;"XYZZ0793-15181932101";69.12;0;0;69.12;"EUR";NULL;"2019-10-03 18:17:18";"2019-10-03 18:17:18";"paid"
144;424;6;"XYZZ0527-22181911101";237.04;0;0;237.04;"EUR";NULL;"2019-10-03 18:24:12";"2019-10-03 18:24:12";"paid"
145;425;6;"XYZZ0796-40181922101";14.58;3.99;0;18.57;"EUR";NULL;"2019-10-03 18:42:17";"2019-10-03 18:42:17";"paid"
146;430;6;"XYZZ0534-49211944101";355.56;0;0;355.56;"EUR";NULL;"2019-10-03 21:51:14";"2019-10-03 21:51:14";"paid"
147;433;6;"XYZZ0811-50221916101";75.54;0;0;75.54;"EUR";NULL;"2019-10-03 22:55:59";"2019-10-03 22:55:59";"paid"
148;436;6;"XYZZ0542-41071955101";20.99;9.99;0;30.98;"EUR";NULL;"2019-10-04 07:43:13";"2019-10-04 07:43:13";"paid"
149;437;6;"XYZZ0818-13081949101";109.35;0;0;109.35;"EUR";NULL;"2019-10-04 08:16:16";"2019-10-04 08:16:16";"paid"
150;439;6;"XYZZ0822-20111915101";23.74;3.99;0;27.73;"EUR";NULL;"2019-10-04 11:21:26";"2019-10-04 11:21:26";"paid"
151;441;6;"XYZZ0826-20111954101";64.81;0;0;64.81;"EUR";NULL;"2019-10-04 11:22:57";"2019-10-04 11:22:57";"paid"
152;444;6;"XYZZ0554-54111957101";72.9;0;0;72.9;"EUR";NULL;"2019-10-04 11:57:16";"2019-10-04 11:57:16";"paid"
153;446;6;"XYZZ0556-46121931101";109.35;0;0;109.35;"EUR";NULL;"2019-10-04 12:48:13";"2019-10-04 12:48:13";"paid"
154;447;6;"XYZZ0837-54121902101";16.78;3.99;0;20.77;"EUR";NULL;"2019-10-04 13:03:28";"2019-10-04 13:03:28";"paid"
155;449;6;"XYZZ0840-27131916101";21.87;3.99;0;25.86;"EUR";NULL;"2019-10-04 13:31:46";"2019-10-04 13:31:46";"paid"
156;455;6;"XYZZ0851-20151925101";87.35;0;0;87.35;"EUR";NULL;"2019-10-04 15:23:09";"2019-10-04 15:23:09";"paid"
157;457;6;"XYZZ0855-33151931101";28.85;3.99;0;32.84;"EUR";NULL;"2019-10-04 15:34:22";"2019-10-04 15:34:22";"paid"
158;458;6;"XYZZ0566-34151907101";46.52;0;0;46.52;"EUR";NULL;"2019-10-04 15:42:33";"2019-10-04 15:42:33";"paid"
159;460;6;"XYZZ0567-21161955101";18.83;3.99;0;22.82;"EUR";NULL;"2019-10-04 16:25:12";"2019-10-04 16:25:12";"paid"
160;463;6;"XYZZ0866-05171911101";95.36;0;0;95.36;"EUR";NULL;"2019-10-04 17:06:24";"2019-10-04 17:06:24";"paid"
161;464;6;"XYZZ0573-07171930101";77.16;0;0;77.16;"EUR";NULL;"2019-10-04 17:11:00";"2019-10-04 17:11:00";"paid"
162;478;6;"XYZZ0590-43071940101";42.8;0;0;42.8;"EUR";NULL;"2019-10-05 07:52:46";"2019-10-05 07:52:46";"paid"
164;480;6;"XYZZ0595-23091945101";80.5;0;0;80.5;"EUR";NULL;"2019-10-05 09:25:17";"2019-10-05 09:25:17";"paid"
165;485;6;"XYZZ0906-09171900101";31.04;3.99;0;35.03;"EUR";NULL;"2019-10-05 17:11:17";"2019-10-05 17:11:17";"paid"
166;487;6;"XYZZ0910-59181944101";34.94;3.99;0;38.93;"EUR";NULL;"2019-10-05 19:01:52";"2019-10-05 19:01:52";"paid"
167;490;6;"XYZZ0606-13221956101";90.09;0;0;90.09;"EUR";NULL;"2019-10-05 22:15:24";"2019-10-05 22:15:24";"paid"
168;492;6;"XYZZ0608-20221907101";32.06;3.99;0;36.05;"EUR";NULL;"2019-10-05 22:25:20";"2019-10-05 22:25:20";"paid"
169;494;6;"XYZZ0613-36091938101";40.38;0;0;40.38;"EUR";NULL;"2019-10-06 09:51:56";"2019-10-06 09:51:56";"paid"
170;496;6;"XYZZ0619-57091915101";60.24;0;0;60.24;"EUR";NULL;"2019-10-06 09:58:09";"2019-10-06 09:58:09";"paid"
171;498;6;"XYZZ0616-01101943101";51.98;0;0;51.98;"EUR";NULL;"2019-10-06 10:03:54";"2019-10-06 10:03:54";"paid"
172;499;6;"XYZZ0932-21111900101";77.97;0;0;77.97;"EUR";NULL;"2019-10-06 11:22:24";"2019-10-06 11:22:24";"paid"
173;500;6;"XYZZ0618-43121935101";29.22;9.99;0;39.21;"EUR";NULL;"2019-10-06 12:44:33";"2019-10-06 12:44:33";"paid"
174;501;6;"XYZZ0936-54131924101";366.45;0;0;366.45;"EUR";NULL;"2019-10-06 13:56:46";"2019-10-06 13:56:46";"paid"
175;506;6;"XYZZ0626-42141957101";23.36;3.99;0;27.35;"EUR";NULL;"2019-10-06 14:47:14";"2019-10-06 14:47:14";"paid"
176;508;6;"XYZZ0632-05161911101";7.87;3.99;0;11.86;"EUR";NULL;"2019-10-06 16:06:22";"2019-10-06 16:06:22";"paid"
177;509;6;"XYZZ0950-50161920101";23.8;3.99;0;27.79;"EUR";NULL;"2019-10-06 16:53:16";"2019-10-06 16:53:16";"paid"
178;511;6;"XYZZ0954-16171924101";43.72;0;0;43.72;"EUR";NULL;"2019-10-06 17:19:26";"2019-10-06 17:19:26";"paid"
179;513;6;"XYZZ0957-54171928101";48.47;0;0;48.47;"EUR";NULL;"2019-10-06 17:56:33";"2019-10-06 17:56:33";"paid"
180;523;6;"XYZZ0976-32081920101";58.53;0;0;58.53;"EUR";NULL;"2019-10-07 08:33:40";"2019-10-07 08:33:40";"paid"
181;525;6;"XYZZ0979-01101957101";4.68;3.99;0;8.67;"EUR";NULL;"2019-10-07 10:03:08";"2019-10-07 10:03:08";"paid"
182;526;6;"XYZZ0654-15101914101";18.51;3.99;0;22.5;"EUR";NULL;"2019-10-07 10:16:19";"2019-10-07 10:16:19";"paid"
183;527;6;"XYZZ0983-39111908101";18.84;3.99;0;22.83;"EUR";NULL;"2019-10-07 11:40:00";"2019-10-07 11:40:00";"paid"
184;528;6;"XYZZ0652-04121918101";47.68;0;0;47.68;"EUR";NULL;"2019-10-07 12:05:43";"2019-10-07 12:05:43";"paid"
185;531;6;"XYZZ0990-23121913101";79.44;0;0;79.44;"EUR";NULL;"2019-10-07 12:25:09";"2019-10-07 12:25:09";"paid"
186;536;6;"XYZZ0664-54151951101";46.58;0;0;46.58;"EUR";NULL;"2019-10-07 15:55:46";"2019-10-07 15:55:46";"paid"
187;539;6;"XYZZ1005-15191905101";90.09;0;0;90.09;"EUR";NULL;"2019-10-07 19:19:23";"2019-10-07 19:19:23";"paid"
188;541;6;"XYZZ1009-07171924101";75.24;0;0;75.24;"EUR";NULL;"2019-10-11 17:13:57";"2019-10-11 17:13:57";"paid"
189;544;6;"XYZZ0678-31181938101";41.61;0;0;41.61;"EUR";NULL;"2019-10-12 18:33:58";"2019-10-12 18:33:58";"paid"
190;546;6;"XYZZ0675-01111900101";54.03;0;0;54.03;"EUR";NULL;"2019-10-13 11:03:42";"2019-10-13 11:03:42";"paid"
191;547;6;"XYZZ1020-55181928101";40.27;0;0;40.27;"EUR";NULL;"2019-10-13 18:56:55";"2019-10-13 18:56:55";"paid"
192;550;6;"XYZZ0677-43191939101";79.86;0;0;79.86;"EUR";NULL;"2019-10-13 19:45:25";"2019-10-13 19:45:25";"paid"
194;552;6;"XYZZ0683-24111917101";20.94;3.99;0;24.93;"EUR";NULL;"2019-10-14 11:25:29";"2019-10-14 11:25:29";"paid"
198;553;6;"XYZZ1031-31121958101";91.29;0;0;91.29;"EUR";NULL;"2019-10-15 12:35:17";"2019-10-15 12:35:17";"paid"
199;557;6;"XYZZ1038-59101922101";7.01;3.99;0;11;"EUR";NULL;"2019-10-16 11:00:20";"2019-10-16 11:00:20";"paid"
200;558;6;"XYZZ0694-23121909101";41.86;0;0;41.86;"EUR";NULL;"2019-10-16 12:26:50";"2019-10-16 12:26:50";"paid"
201;560;6;"XYZZ0692-48121917101";8.48;3.99;0;12.47;"EUR";NULL;"2019-10-16 12:49:29";"2019-10-16 12:49:29";"paid"
202;561;6;"XYZZ1045-37161932101";198.33;0;0;198.33;"EUR";NULL;"2019-10-16 16:39:05";"2019-10-16 16:39:05";"paid"
203;567;6;"XYZZ1056-06201925101";153.2;0;0;153.2;"EUR";NULL;"2019-10-16 20:08:37";"2019-10-16 20:08:37";"paid"
206;570;6;"XYZZ0703-30091919101";33.12;3.99;0;37.11;"EUR";NULL;"2019-10-18 09:31:15";"2019-10-18 09:31:15";"paid"
207;579;6;"XYZZ1078-22171951101";110.46;0;0;110.46;"EUR";NULL;"2019-10-18 17:24:00";"2019-10-18 17:24:00";"paid"
208;580;6;"XYZZ0716-48191913101";70.74;0;0;70.74;"EUR";NULL;"2019-10-18 19:48:52";"2019-10-18 19:48:52";"paid"
209;583;6;"XYZZ1086-22121915101";290.1;0;0;290.1;"EUR";NULL;"2019-10-19 12:24:45";"2019-10-19 12:24:45";"paid"
210;585;6;"XYZZ1089-51121904101";48.18;0;0;48.18;"EUR";NULL;"2019-10-19 12:54:02";"2019-10-19 12:54:02";"paid"
211;587;6;"XYZZ1093-38191928101";41.31;0;0;41.31;"EUR";NULL;"2019-10-19 19:40:15";"2019-10-19 19:40:15";"paid"
212;591;6;"XYZZ1100-22171942101";39.86;3.99;0;43.85;"EUR";NULL;"2019-10-20 17:23:28";"2019-10-20 17:23:28";"paid"
213;594;6;"XYZZ0736-59081903101";56.62;0;0;56.62;"EUR";NULL;"2019-10-21 09:01:02";"2019-10-21 09:01:02";"paid"
214;599;6;"XYZZ1115-52091955101";22.93;3.99;0;26.92;"EUR";NULL;"2019-10-21 09:56:22";"2019-10-21 09:56:22";"paid"
215;600;6;"XYZZ0746-32111950101";43.08;0;0;43.08;"EUR";NULL;"2019-10-21 11:34:02";"2019-10-21 11:34:02";"paid"
216;601;6;"XYZZ1118-48111911101";45.44;0;0;45.44;"EUR";NULL;"2019-10-21 11:50:24";"2019-10-21 11:50:24";"paid"
217;606;6;"XYZZ0754-04121959101";81.61;0;0;81.61;"EUR";NULL;"2019-10-21 12:06:48";"2019-10-21 12:06:48";"paid"
220;608;6;"XYZZ0751-05141917101";42.87;0;0;42.87;"EUR";NULL;"2019-10-21 14:06:54";"2019-10-21 14:06:54";"paid"
221;609;6;"XYZZ1133-23141919101";66.68;0;0;66.68;"EUR";NULL;"2019-10-21 14:25:34";"2019-10-21 14:25:34";"paid"
222;611;6;"XYZZ1137-25141929101";33.34;3.99;0;37.33;"EUR";NULL;"2019-10-21 14:26:26";"2019-10-21 14:26:26";"paid"
225;615;6;"XYZZ1144-18151904101";83.71;0;0;83.71;"EUR";NULL;"2019-10-21 15:20:33";"2019-10-21 15:20:33";"paid"
226;618;6;"XYZZ0765-55181904101";43.75;0;0;43.75;"EUR";NULL;"2019-10-21 18:55:52";"2019-10-21 18:55:52";"paid"
227;619;6;"XYZZ1151-28201932101";43.36;0;0;43.36;"EUR";NULL;"2019-10-21 20:30:26";"2019-10-21 20:30:26";"paid"
228;622;6;"XYZZ0774-39211952101";25.76;3.99;0;29.75;"EUR";NULL;"2019-10-21 21:41:32";"2019-10-21 21:41:32";"paid"
229;628;6;"XYZZ0781-40031957101";697;0;0;697;"EUR";NULL;"2019-10-22 03:51:13";"2019-10-22 03:51:13";"paid"
230;630;6;"XYZZ0783-50081919101";59.01;0;0;59.01;"EUR";NULL;"2019-10-22 08:51:20";"2019-10-22 08:51:20";"paid"
231;633;6;"XYZZ1177-14121954101";69.48;0;0;69.48;"EUR";NULL;"2019-10-22 12:17:03";"2019-10-22 12:17:03";"paid"
232;634;6;"XYZZ0783-58171950101";125;0;0;125;"EUR";NULL;"2019-10-22 18:02:21";"2019-10-22 18:02:21";"paid"
233;636;6;"XYZZ0789-17191957101";49.69;0;0;49.69;"EUR";NULL;"2019-10-22 19:22:55";"2019-10-22 19:22:55";"paid"
234;637;6;"XYZZ1184-38201939101";40.32;0;0;40.32;"EUR";NULL;"2019-10-22 20:39:36";"2019-10-22 20:39:36";"paid"
235;638;6;"XYZZ0787-01211940101";48.84;0;0;48.84;"EUR";NULL;"2019-10-22 21:03:57";"2019-10-22 21:03:57";"paid"
236;643;6;"XYZZ1195-54081947101";163.44;0;0;163.44;"EUR";NULL;"2019-10-23 09:07:35";"2019-10-23 09:07:35";"paid"
237;646;6;"XYZZ0800-22111936101";47.07;0;0;47.07;"EUR";NULL;"2019-10-23 11:23:55";"2019-10-23 11:23:55";"paid"
238;647;6;"XYZZ1203-40111949101";13.95;3.99;0;17.94;"EUR";NULL;"2019-10-23 11:42:51";"2019-10-23 11:42:51";"paid"
239;651;6;"XYZZ1210-27141902101";112.45;0;0;112.45;"EUR";NULL;"2019-10-23 14:28:52";"2019-10-23 14:28:52";"paid"
240;659;6;"XYZZ1225-05201932101";48.6;0;0;48.6;"EUR";NULL;"2019-10-23 20:07:05";"2019-10-23 20:07:05";"paid"
241;665;6;"XYZZ1236-48201944101";44.27;0;0;44.27;"EUR";NULL;"2019-10-23 20:51:37";"2019-10-23 20:51:37";"paid"
242;667;6;"XYZZ1239-00211926101";75.14;0;0;75.14;"EUR";NULL;"2019-10-23 21:04:00";"2019-10-23 21:04:00";"paid"
243;669;6;"XYZZ1243-40211946101";27.9;3.99;0;31.89;"EUR";NULL;"2019-10-23 21:43:02";"2019-10-23 21:43:02";"paid"
244;670;6;"XYZZ0830-03221947101";237.04;0;0;237.04;"EUR";NULL;"2019-10-23 22:05:34";"2019-10-23 22:05:34";"paid"
245;672;6;"XYZZ0830-08111931101";27.54;3.99;0;31.53;"EUR";NULL;"2019-10-24 11:09:55";"2019-10-24 11:09:55";"paid"
246;679;6;"XYZZ1261-50121942101";62.28;0;0;62.28;"EUR";NULL;"2019-10-24 12:53:15";"2019-10-24 12:53:15";"paid"
247;680;6;"XYZZ0843-07131915101";45.25;0;0;45.25;"EUR";NULL;"2019-10-24 13:11:31";"2019-10-24 13:11:31";"paid"
248;682;6;"XYZZ0840-16141939101";45.2;0;0;45.2;"EUR";NULL;"2019-10-24 14:19:40";"2019-10-24 14:19:40";"paid"
249;689;6;"XYZZ1279-30151927101";47.68;0;0;47.68;"EUR";NULL;"2019-10-24 15:31:47";"2019-10-24 15:31:47";"paid"
250;691;6;"XYZZ1283-24161954101";49.98;0;0;49.98;"EUR";NULL;"2019-10-24 16:27:26";"2019-10-24 16:27:26";"paid"
251;692;6;"XYZZ0855-26161920101";13.27;3.99;0;17.26;"EUR";NULL;"2019-10-24 16:28:21";"2019-10-24 16:28:21";"paid"
252;695;6;"XYZZ1290-16171914101";42.88;0;0;42.88;"EUR";NULL;"2019-10-24 17:21:28";"2019-10-24 17:21:28";"paid"
253;704;6;"XYZZ0873-34101949101";43.25;0;0;43.25;"EUR";NULL;"2019-10-25 10:36:33";"2019-10-25 10:36:33";"paid"
254;706;6;"XYZZ0869-47101932101";64.59;0;0;64.59;"EUR";NULL;"2019-10-25 10:51:25";"2019-10-25 10:51:25";"paid"
255;708;6;"XYZZ0876-59101956101";41.82;0;0;41.82;"EUR";NULL;"2019-10-25 11:00:53";"2019-10-25 11:00:53";"paid"
256;709;6;"XYZZ1316-57111917101";45.08;0;0;45.08;"EUR";NULL;"2019-10-25 11:57:57";"2019-10-25 11:57:57";"paid"
257;711;6;"XYZZ1320-51121933101";41.36;0;0;41.36;"EUR";NULL;"2019-10-25 12:53:43";"2019-10-25 12:53:43";"paid"
258;712;6;"XYZZ0876-32141904101";19.64;3.99;0;23.63;"EUR";NULL;"2019-10-25 14:33:13";"2019-10-25 14:33:13";"paid"
259;715;6;"XYZZ1327-45161953101";14.61;3.99;0;18.6;"EUR";NULL;"2019-10-25 16:47:46";"2019-10-25 16:47:46";"paid"
260;718;6;"XYZZ0887-08171900101";22.72;3.99;0;26.71;"EUR";NULL;"2019-10-25 17:08:38";"2019-10-25 17:08:38";"paid"
261;720;6;"XYZZ0893-43171954101";55.37;0;0;55.37;"EUR";NULL;"2019-10-25 17:44:42";"2019-10-25 17:44:42";"paid"
262;721;6;"XYZZ1338-30191927101";51.41;0;0;51.41;"EUR";NULL;"2019-10-25 19:32:59";"2019-10-25 19:32:59";"paid"
263;726;6;"XYZZ0901-57221918101";96.65;0;0;96.65;"EUR";NULL;"2019-10-25 22:57:56";"2019-10-25 22:57:56";"paid"
264;727;6;"XYZZ1349-12001956101";55.66;0;0;55.66;"EUR";NULL;"2019-10-26 00:15:45";"2019-10-26 00:15:45";"paid"
265;728;6;"XYZZ0904-15001957101";51.4;0;0;51.4;"EUR";NULL;"2019-10-26 00:19:14";"2019-10-26 00:19:14";"paid"
266;730;6;"XYZZ0903-59081941101";48.94;0;0;48.94;"EUR";NULL;"2019-10-26 09:01:21";"2019-10-26 09:01:21";"paid"
267;731;6;"XYZZ1356-56091929101";259.9;0;0;259.9;"EUR";NULL;"2019-10-26 09:59:21";"2019-10-26 09:59:21";"paid"
268;732;6;"XYZZ0905-59091954101";6.26;3.99;0;10.25;"EUR";NULL;"2019-10-26 10:01:16";"2019-10-26 10:01:16";"paid"
269;734;6;"XYZZ0908-29121939101";83.49;0;0;83.49;"EUR";NULL;"2019-10-26 12:32:55";"2019-10-26 12:32:55";"paid"
270;736;6;"XYZZ0911-08151922101";45.38;0;0;45.38;"EUR";NULL;"2019-10-26 15:10:40";"2019-10-26 15:10:40";"paid"
271;738;6;"XYZZ0916-36161918101";24.47;3.99;0;28.46;"EUR";NULL;"2019-10-26 16:38:48";"2019-10-26 16:38:48";"paid"
272;740;6;"XYZZ0913-45161902101";49.3;0;0;49.3;"EUR";NULL;"2019-10-26 16:46:30";"2019-10-26 16:46:30";"paid"
273;741;6;"XYZZ1375-42171911101";87.15;0;0;87.15;"EUR";NULL;"2019-10-26 17:43:37";"2019-10-26 17:43:37";"paid"
274;751;6;"XYZZ1393-49191920101";48.51;0;0;48.51;"EUR";NULL;"2019-10-26 19:51:05";"2019-10-26 19:51:05";"paid"
275;752;6;"XYZZ0930-20211916101";40.11;0;0;40.11;"EUR";NULL;"2019-10-26 21:22:06";"2019-10-26 21:22:06";"paid"
276;756;6;"XYZZ0936-39211924101";15.34;3.99;0;19.33;"EUR";NULL;"2019-10-26 21:42:02";"2019-10-26 21:42:02";"paid"
277;758;6;"XYZZ0933-14221912101";13.23;3.99;0;17.22;"EUR";NULL;"2019-10-26 22:15:45";"2019-10-26 22:15:45";"paid"
278;759;6;"XYZZ1407-53071920101";27.99;3.99;0;31.98;"EUR";NULL;"2019-10-27 07:54:31";"2019-10-27 07:54:31";"paid"
279;760;6;"XYZZ0938-17101929101";104.58;0;0;104.58;"EUR";NULL;"2019-10-27 10:19:13";"2019-10-27 10:19:13";"paid"
280;763;6;"XYZZ1415-24101918101";43.44;0;0;43.44;"EUR";NULL;"2019-10-27 10:25:24";"2019-10-27 10:25:24";"paid"
281;765;6;"XYZZ1418-42101935101";63.83;0;0;63.83;"EUR";NULL;"2019-10-27 10:44:34";"2019-10-27 10:44:34";"paid"
282;766;6;"XYZZ0943-28151912101";90.66;0;0;90.66;"EUR";NULL;"2019-10-27 15:30:28";"2019-10-27 15:30:28";"paid"
283;769;6;"XYZZ1426-20161900101";42.36;0;0;42.36;"EUR";NULL;"2019-10-27 16:21:36";"2019-10-27 16:21:36";"paid"
284;771;6;"XYZZ1429-29161916101";40.86;0;0;40.86;"EUR";NULL;"2019-10-27 16:31:14";"2019-10-27 16:31:14";"paid"
285;776;6;"XYZZ0958-42171921101";25.85;3.99;0;29.84;"EUR";NULL;"2019-10-27 17:44:48";"2019-10-27 17:44:48";"paid"
286;777;6;"XYZZ1440-11181939101";87.15;0;0;87.15;"EUR";NULL;"2019-10-27 18:13:40";"2019-10-27 18:13:40";"paid"
287;779;6;"XYZZ1444-16181954101";87.15;0;0;87.15;"EUR";NULL;"2019-10-27 18:18:54";"2019-10-27 18:18:54";"paid"
288;782;6;"XYZZ0963-55181940101";42.55;0;0;42.55;"EUR";NULL;"2019-10-27 18:59:42";"2019-10-27 18:59:42";"paid"
289;783;6;"XYZZ1451-33191929101";34.65;9.99;0;44.64;"EUR";NULL;"2019-10-27 19:36:25";"2019-10-27 19:36:25";"paid"
290;786;6;"XYZZ0973-16201931101";20.64;3.99;0;24.63;"EUR";NULL;"2019-10-27 20:24:13";"2019-10-27 20:24:13";"paid"
291;791;6;"XYZZ1466-35211919101";73.32;0;0;73.32;"EUR";NULL;"2019-10-27 21:37:32";"2019-10-27 21:37:32";"paid"
292;793;6;"XYZZ1470-10071925101";41.16;0;0;41.16;"EUR";NULL;"2019-10-28 07:11:54";"2019-10-28 07:11:54";"paid"
293;795;6;"XYZZ1473-47101916101";103.31;0;0;103.31;"EUR";NULL;"2019-10-28 10:56:08";"2019-10-28 10:56:08";"paid"
294;796;6;"XYZZ0981-21111939101";44.76;0;0;44.76;"EUR";NULL;"2019-10-28 11:23:10";"2019-10-28 11:23:10";"paid"
295;798;6;"XYZZ0990-35121937101";37.66;3.99;0;41.65;"EUR";NULL;"2019-10-28 12:39:16";"2019-10-28 12:39:16";"paid"
296;800;6;"XYZZ0984-56141942101";64.5;0;0;64.5;"EUR";NULL;"2019-10-28 14:59:45";"2019-10-28 14:59:45";"paid"
297;801;6;"XYZZ1484-00161941101";53.91;0;0;53.91;"EUR";NULL;"2019-10-28 16:03:51";"2019-10-28 16:03:51";"paid"
298;802;6;"XYZZ0991-32171939101";20.61;3.99;0;24.6;"EUR";NULL;"2019-10-28 17:34:18";"2019-10-28 17:34:18";"paid"
299;804;6;"XYZZ0997-04231913101";55.53;0;0;55.53;"EUR";NULL;"2019-10-28 23:07:23";"2019-10-28 23:07:23";"paid"
300;805;6;"XYZZ1492-01011951101";40.26;0;0;40.26;"EUR";NULL;"2019-10-29 01:05:10";"2019-10-29 01:05:10";"paid"
301;808;6;"XYZZ0996-09081912101";44.1;0;0;44.1;"EUR";NULL;"2019-10-29 08:10:18";"2019-10-29 08:10:18";"paid"
302;815;6;"XYZZ1510-13101915101";157.37;0;0;157.37;"EUR";NULL;"2019-10-29 10:14:03";"2019-10-29 10:14:03";"paid"
303;819;6;"XYZZ1517-26111924101";40.59;0;0;40.59;"EUR";NULL;"2019-10-29 11:27:24";"2019-10-29 11:27:24";"paid"
304;821;6;"XYZZ1521-23121938101";57.26;0;0;57.26;"EUR";NULL;"2019-10-29 12:26:08";"2019-10-29 12:26:08";"paid"
305;823;6;"XYZZ1525-46121920101";51.87;0;0;51.87;"EUR";NULL;"2019-10-29 12:48:39";"2019-10-29 12:48:39";"paid"
306;824;6;"XYZZ1015-53171911101";65.86;0;0;65.86;"EUR";NULL;"2019-10-31 17:54:52";"2019-10-31 17:54:52";"paid"
307;832;6;"XYZZ1029-14191936101";48.74;0;0;48.74;"EUR";NULL;"2019-10-31 19:15:51";"2019-10-31 19:15:51";"paid"
308;844;6;"XYZZ1043-01221945101";26.98;3.99;0;30.97;"EUR";NULL;"2019-10-31 22:06:42";"2019-10-31 22:06:42";"paid"
309;845;6;"XYZZ1565-12221935101";46.62;0;0;46.62;"EUR";NULL;"2019-10-31 22:15:00";"2019-10-31 22:15:00";"paid"
310;848;6;"XYZZ1051-01231935101";53.66;0;0;53.66;"EUR";NULL;"2019-10-31 23:04:26";"2019-10-31 23:04:26";"paid"
311;850;6;"XYZZ1051-52071957111";9.78;3.99;0;13.77;"EUR";NULL;"2019-11-01 08:01:37";"2019-11-01 08:01:37";"paid"
312;852;6;"XYZZ1051-26101957111";52.2;0;0;52.2;"EUR";NULL;"2019-11-01 10:29:10";"2019-11-01 10:29:10";"paid"
313;853;6;"XYZZ1579-31101913111";51.87;0;0;51.87;"EUR";NULL;"2019-11-01 10:32:45";"2019-11-01 10:32:45";"paid"
314;856;6;"XYZZ1054-25121927111";73.29;0;0;73.29;"EUR";NULL;"2019-11-01 12:27:04";"2019-11-01 12:27:04";"paid"
315;857;6;"XYZZ1587-31121923111";31.5;3.99;0;35.49;"EUR";NULL;"2019-11-01 12:32:21";"2019-11-01 12:32:21";"paid"
316;859;6;"XYZZ1590-43121946111";159.81;0;0;159.81;"EUR";NULL;"2019-11-01 12:47:40";"2019-11-01 12:47:40";"paid"
317;861;6;"XYZZ1594-22131956111";41.98;0;0;41.98;"EUR";NULL;"2019-11-01 13:24:52";"2019-11-01 13:24:52";"paid"
318;862;6;"XYZZ1069-24131937111";69.93;0;0;69.93;"EUR";NULL;"2019-11-01 13:27:22";"2019-11-01 13:27:22";"paid"
319;866;6;"XYZZ1069-19141959111";62.97;0;0;62.97;"EUR";NULL;"2019-11-01 14:22:18";"2019-11-01 14:22:18";"paid"
320;870;6;"XYZZ1074-21161906111";47.68;0;0;47.68;"EUR";NULL;"2019-11-01 16:22:57";"2019-11-01 16:22:57";"paid"
321;877;6;"XYZZ1623-44181914111";56.17;0;0;56.17;"EUR";NULL;"2019-11-01 18:45:59";"2019-11-01 18:45:59";"paid"
322;880;6;"XYZZ1089-54181930111";65.86;0;0;65.86;"EUR";NULL;"2019-11-01 19:01:22";"2019-11-01 19:01:22";"paid"
323;882;6;"XYZZ1088-33201959111";60.26;9.99;0;70.25;"EUR";NULL;"2019-11-01 20:36:28";"2019-11-01 20:36:28";"paid"
324;884;6;"XYZZ1093-52201958111";45.84;0;0;45.84;"EUR";NULL;"2019-11-01 20:55:13";"2019-11-01 20:55:13";"paid"
325;894;6;"XYZZ1103-54221906111";44.2;0;0;44.2;"EUR";NULL;"2019-11-01 22:55:15";"2019-11-01 22:55:15";"paid"
326;895;6;"XYZZ1656-13011913111";62.34;0;0;62.34;"EUR";NULL;"2019-11-02 01:15:45";"2019-11-02 01:15:45";"paid"
327;896;6;"XYZZ1108-33101902111";51.87;0;0;51.87;"EUR";NULL;"2019-11-02 10:34:24";"2019-11-02 10:34:24";"paid"
328;901;6;"XYZZ1667-40121930111";64.75;0;0;64.75;"EUR";NULL;"2019-11-02 12:42:41";"2019-11-02 12:42:41";"paid"
329;902;6;"XYZZ1117-42121902111";78.05;0;0;78.05;"EUR";NULL;"2019-11-02 12:43:25";"2019-11-02 12:43:25";"paid"
330;903;6;"XYZZ1671-50121910111";41.92;0;0;41.92;"EUR";NULL;"2019-11-02 12:52:20";"2019-11-02 12:52:20";"paid"
331;904;6;"XYZZ1115-15141905111";26.11;3.99;0;30.1;"EUR";NULL;"2019-11-02 14:19:03";"2019-11-02 14:19:03";"paid"
332;905;6;"XYZZ1675-18141922111";21.75;3.99;0;25.74;"EUR";NULL;"2019-11-02 14:20:47";"2019-11-02 14:20:47";"paid"
333;909;6;"XYZZ1682-41151942111";17.5;3.99;0;21.49;"EUR";NULL;"2019-11-02 15:44:28";"2019-11-02 15:44:28";"paid"
334;914;6;"XYZZ1131-19171923111";175.7;0;0;175.7;"EUR";NULL;"2019-11-02 17:29:47";"2019-11-02 17:29:47";"paid"
335;919;6;"XYZZ1700-21091929111";70.22;0;0;70.22;"EUR";NULL;"2019-11-03 09:22:56";"2019-11-03 09:22:56";"paid"
336;923;6;"XYZZ1708-51101931111";51.6;0;0;51.6;"EUR";NULL;"2019-11-03 10:53:05";"2019-11-03 10:53:05";"paid"
337;924;6;"XYZZ1144-08121900111";29.48;3.99;0;33.47;"EUR";NULL;"2019-11-03 12:09:06";"2019-11-03 12:09:06";"paid"
338;925;6;"XYZZ1711-32121905111";54.05;0;0;54.05;"EUR";NULL;"2019-11-03 12:35:12";"2019-11-03 12:35:12";"paid"
339;927;6;"XYZZ1715-38131956111";42.63;0;0;42.63;"EUR";NULL;"2019-11-03 13:40:59";"2019-11-03 13:40:59";"paid"
340;931;6;"XYZZ1722-41171921111";43.33;0;0;43.33;"EUR";NULL;"2019-11-03 17:43:58";"2019-11-03 17:43:58";"paid"
341;936;6;"XYZZ1158-57171946111";145.21;0;0;145.21;"EUR";NULL;"2019-11-03 17:59:11";"2019-11-03 17:59:11";"paid"
342;939;6;"XYZZ1737-52191935111";80.44;0;0;80.44;"EUR";NULL;"2019-11-03 19:56:39";"2019-11-03 19:56:39";"paid"
343;940;6;"XYZZ1160-30201952111";122.36;0;0;122.36;"EUR";NULL;"2019-11-03 20:33:01";"2019-11-03 20:33:01";"paid"
344;945;6;"XYZZ1748-42221948111";9.62;3.99;0;13.61;"EUR";NULL;"2019-11-03 22:44:00";"2019-11-03 22:44:00";"paid"
345;947;6;"XYZZ1751-41081942111";65;0;0;65;"EUR";NULL;"2019-11-04 08:46:15";"2019-11-04 08:46:15";"paid"
346;951;6;"XYZZ1759-18091944111";48.27;0;0;48.27;"EUR";NULL;"2019-11-04 09:19:18";"2019-11-04 09:19:18";"paid"
347;953;6;"XYZZ1762-06101939111";62.2;0;0;62.2;"EUR";NULL;"2019-11-04 10:08:31";"2019-11-04 10:08:31";"paid"
348;954;6;"XYZZ1181-17101943111";29.54;3.99;0;33.53;"EUR";NULL;"2019-11-04 10:19:50";"2019-11-04 10:19:50";"paid"
349;955;6;"XYZZ1766-55101919111";47.88;0;0;47.88;"EUR";NULL;"2019-11-04 10:58:06";"2019-11-04 10:58:06";"paid"
350;961;6;"XYZZ1777-06121946111";42.13;0;0;42.13;"EUR";NULL;"2019-11-04 12:08:28";"2019-11-04 12:08:28";"paid"
351;966;6;"XYZZ1189-24121945111";25.14;3.99;0;29.13;"EUR";NULL;"2019-11-04 12:26:52";"2019-11-04 12:26:52";"paid"
352;969;6;"XYZZ1792-43121937111";115.4;0;0;115.4;"EUR";NULL;"2019-11-04 12:50:23";"2019-11-04 12:50:23";"paid"
353;971;6;"XYZZ1795-53121929111";70.32;0;0;70.32;"EUR";NULL;"2019-11-04 12:54:08";"2019-11-04 12:54:08";"paid"
354;976;6;"XYZZ1203-11141954111";35.53;3.99;0;39.52;"EUR";NULL;"2019-11-04 14:13:49";"2019-11-04 14:13:49";"paid"
355;977;6;"XYZZ1806-09151953111";40.35;0;0;40.35;"EUR";NULL;"2019-11-04 15:19:49";"2019-11-04 15:19:49";"paid"
356;981;6;"XYZZ1814-53161931111";52.96;0;0;52.96;"EUR";NULL;"2019-11-04 16:55:10";"2019-11-04 16:55:10";"paid"
357;984;6;"XYZZ1215-28191951111";44.04;0;0;44.04;"EUR";NULL;"2019-11-04 19:33:11";"2019-11-04 19:33:11";"paid"
358;985;6;"XYZZ1821-38191907111";73.44;0;0;73.44;"EUR";NULL;"2019-11-04 19:40:28";"2019-11-04 19:40:28";"paid"
359;990;6;"XYZZ1224-27201951111";27.84;3.99;0;31.83;"EUR";NULL;"2019-11-04 20:28:38";"2019-11-04 20:28:38";"paid"
360;992;6;"XYZZ1227-01211953111";226.33;0;0;226.33;"EUR";NULL;"2019-11-04 21:07:08";"2019-11-04 21:07:08";"paid"
361;993;6;"XYZZ1836-25111922111";70.2;0;0;70.2;"EUR";NULL;"2019-11-05 11:39:57";"2019-11-05 11:39:57";"paid"
362;995;6;"XYZZ1839-09121938111";139.23;0;0;139.23;"EUR";NULL;"2019-11-05 12:13:27";"2019-11-05 12:13:27";"paid"
363;1003;6;"XYZZ1854-46131915111";98.76;0;0;98.76;"EUR";NULL;"2019-11-05 13:46:51";"2019-11-05 13:46:51";"paid"
364;1005;6;"XYZZ1858-10171959111";48.82;0;0;48.82;"EUR";NULL;"2019-11-05 17:11:36";"2019-11-05 17:11:36";"paid"
365;1009;6;"XYZZ1865-46071945111";33.3;3.99;0;37.29;"EUR";NULL;"2019-11-06 07:55:10";"2019-11-06 07:55:10";"paid"
366;1010;6;"XYZZ1244-05091928111";20.96;9.99;0;30.95;"EUR";NULL;"2019-11-06 09:06:15";"2019-11-06 09:06:15";"paid"
367;1013;6;"XYZZ1872-31131957111";125.24;0;0;125.24;"EUR";NULL;"2019-11-06 13:33:00";"2019-11-06 13:33:00";"paid"
368;1016;6;"XYZZ1251-48181931111";44.08;0;0;44.08;"EUR";NULL;"2019-11-06 18:50:12";"2019-11-06 18:50:12";"paid"
369;1017;6;"XYZZ1879-11201910111";28.88;3.99;0;32.87;"EUR";NULL;"2019-11-06 20:19:31";"2019-11-06 20:19:31";"paid"
370;1022;6;"XYZZ1262-41201940111";40.68;0;0;40.68;"EUR";NULL;"2019-11-06 20:42:48";"2019-11-06 20:42:48";"paid"
371;1023;6;"XYZZ1890-56201942111";61;0;0;61;"EUR";NULL;"2019-11-06 20:58:53";"2019-11-06 20:58:53";"paid"
372;1024;6;"XYZZ1265-08211901111";34.84;9.99;0;44.83;"EUR";NULL;"2019-11-06 21:12:35";"2019-11-06 21:12:35";"paid"
373;1027;6;"XYZZ1898-26211947111";55.98;0;0;55.98;"EUR";NULL;"2019-11-06 21:29:31";"2019-11-06 21:29:31";"paid"
374;1030;6;"XYZZ1270-13061946111";53.96;0;0;53.96;"EUR";NULL;"2019-11-07 06:15:06";"2019-11-07 06:15:06";"paid"
375;1031;6;"XYZZ1905-52081928111";46.92;0;0;46.92;"EUR";NULL;"2019-11-07 08:59:03";"2019-11-07 08:59:03";"paid"
376;1047;6;"XYZZ1934-18141956111";29.9;3.99;0;33.89;"EUR";NULL;"2019-11-07 14:27:03";"2019-11-07 14:27:03";"paid"
377;1049;6;"XYZZ1938-03151908111";41.92;0;0;41.92;"EUR";NULL;"2019-11-07 15:05:54";"2019-11-07 15:05:54";"paid"
378;1051;6;"XYZZ1942-43161904111";38.17;3.99;0;42.16;"EUR";NULL;"2019-11-07 17:00:39";"2019-11-07 17:00:39";"paid"
379;1053;6;"XYZZ1945-03181958111";82.6;0;0;82.6;"EUR";NULL;"2019-11-07 18:06:06";"2019-11-07 18:06:06";"paid"
380;1061;6;"XYZZ1960-33101923111";110.23;0;0;110.23;"EUR";NULL;"2019-11-08 10:35:45";"2019-11-08 10:35:45";"paid"
381;1067;6;"XYZZ1971-34121923111";170.57;0;0;170.57;"EUR";NULL;"2019-11-08 12:36:48";"2019-11-08 12:36:48";"paid"
382;1071;6;"XYZZ1978-18221906111";52.16;0;0;52.16;"EUR";NULL;"2019-11-08 22:19:02";"2019-11-08 22:19:02";"paid"
383;1014;6;"XYZZ1251-58161951111";33.7;3.99;0;37.69;"EUR";NULL;"2019-11-06 17:00:00";"2019-11-06 17:00:00";"paid"
384;312;6;"XYZZ0392-22071923091";62.52;0;0;62.52;"EUR";NULL;"2019-11-09 10:28:22";"2019-11-09 10:28:22";"paid"
385;1078;6;"XYZZ1331-03141905111";10.63;3.99;0;14.62;"EUR";NULL;"2019-11-09 14:07:49";"2019-11-09 14:07:49";"paid"
386;1079;6;"XYZZ1993-06151929111";50.9;0;0;50.9;"EUR";NULL;"2019-11-09 15:07:20";"2019-11-09 15:07:20";"paid"
387;1086;6;"XYZZ1340-14231955111";127.32;0;0;127.32;"EUR";NULL;"2019-11-09 23:25:35";"2019-11-09 23:25:35";"paid"
388;1088;6;"XYZZ1345-28081932111";150.67;0;0;150.67;"EUR";NULL;"2019-11-10 08:32:46";"2019-11-10 08:32:46";"paid"
389;1089;6;"XYZZ2011-20091956111";47.14;0;0;47.14;"EUR";NULL;"2019-11-10 09:22:57";"2019-11-10 09:22:57";"paid"
390;1092;6;"XYZZ1347-36101927111";256.51;0;0;256.51;"EUR";NULL;"2019-11-10 10:38:23";"2019-11-10 10:38:23";"paid"
391;1108;6;"XYZZ1368-58181935111";47.5;0;0;47.5;"EUR";NULL;"2019-11-10 19:00:06";"2019-11-10 19:00:06";"paid"
392;1120;6;"XYZZ1385-57101940111";46.76;0;0;46.76;"EUR";NULL;"2019-11-11 10:59:26";"2019-11-11 10:59:26";"paid"
393;1122;6;"XYZZ1388-03111931111";40.15;0;0;40.15;"EUR";NULL;"2019-11-11 11:10:23";"2019-11-11 11:10:23";"paid"
396;1127;6;"XYZZ2081-51191959111";107.93;0;0;107.93;"EUR";NULL;"2019-11-11 19:54:46";"2019-11-11 19:54:46";"paid"
397;1128;6;"XYZZ1394-00211906111";50.76;0;0;50.76;"EUR";NULL;"2019-11-11 21:01:22";"2019-11-11 21:01:22";"paid"
398;1130;6;"XYZZ1398-49211939111";54.89;0;0;54.89;"EUR";NULL;"2019-11-11 21:53:49";"2019-11-11 21:53:49";"paid"
399;1132;6;"XYZZ1397-02221921111";23.78;3.99;0;27.77;"EUR";NULL;"2019-11-11 22:08:02";"2019-11-11 22:08:02";"paid"
400;1136;6;"XYZZ1406-38231934111";8.07;3.99;0;12.06;"EUR";NULL;"2019-11-11 23:39:20";"2019-11-11 23:39:20";"paid"
401;1137;6;"XYZZ2099-15081916111";45.97;0;0;45.97;"EUR";NULL;"2019-11-12 08:22:28";"2019-11-12 08:22:28";"paid"
402;1138;6;"XYZZ1401-35121936111";62.5;0;0;62.5;"EUR";NULL;"2019-11-12 12:37:14";"2019-11-12 12:37:14";"paid"
403;1142;6;"XYZZ1408-51141917111";84.6;0;0;84.6;"EUR";NULL;"2019-11-12 14:54:04";"2019-11-12 14:54:04";"paid"
404;1144;6;"XYZZ1415-31151927111";47.1;0;0;47.1;"EUR";NULL;"2019-11-12 15:32:26";"2019-11-12 15:32:26";"paid"
405;1147;6;"XYZZ2117-04171926111";213.71;0;0;213.71;"EUR";NULL;"2019-11-12 17:09:04";"2019-11-12 17:09:04";"paid"
406;1148;6;"XYZZ1415-15171943111";29.61;3.99;0;33.6;"EUR";NULL;"2019-11-12 17:16:56";"2019-11-12 17:16:56";"paid"
407;1149;6;"XYZZ2121-15181909111";42.7;0;0;42.7;"EUR";NULL;"2019-11-12 18:16:48";"2019-11-12 18:16:48";"paid"
408;1151;6;"XYZZ2125-32181906111";42.04;0;0;42.04;"EUR";NULL;"2019-11-12 18:33:12";"2019-11-12 18:33:12";"paid"
409;1159;6;"XYZZ2139-26081959111";51.86;0;0;51.86;"EUR";NULL;"2019-11-13 08:30:09";"2019-11-13 08:30:09";"paid"
410;1166;6;"XYZZ1442-51111942111";51.57;0;0;51.57;"EUR";NULL;"2019-11-13 11:56:51";"2019-11-13 11:56:51";"paid"
411;1171;6;"XYZZ2161-01171954111";56.18;0;0;56.18;"EUR";NULL;"2019-11-13 17:07:23";"2019-11-13 17:07:23";"paid"
412;1181;6;"XYZZ2179-29221934111";48.9;0;0;48.9;"EUR";NULL;"2019-11-13 22:29:34";"2019-11-13 22:29:34";"paid"
413;1114;6;"XYZZ1375-13101933111";71.97;0;0;71.97;"EUR";NULL;"2019-11-11 10:13:33";"2019-11-11 10:13:33";"paid"
414;1188;6;"XYZZ1466-56171954111";41.44;0;0;41.44;"EUR";NULL;"2019-11-14 17:57:54";"2019-11-14 17:57:54";"paid"
415;1193;6;"XYZZ2201-55191906111";23.12;3.99;0;27.11;"EUR";NULL;"2019-11-14 19:56:22";"2019-11-14 19:56:22";"paid"
416;1194;6;"XYZZ1474-49201906111";17.84;3.99;0;21.83;"EUR";NULL;"2019-11-14 20:53:27";"2019-11-14 20:53:27";"paid"
417;1196;6;"XYZZ1475-36211903111";42.44;0;0;42.44;"EUR";NULL;"2019-11-14 21:36:52";"2019-11-14 21:36:52";"paid"
418;1197;6;"XYZZ2209-51221937111";48.89;0;0;48.89;"EUR";NULL;"2019-11-14 22:52:40";"2019-11-14 22:52:40";"paid"
419;1198;6;"XYZZ1478-11011936111";30.22;3.99;0;34.21;"EUR";NULL;"2019-11-15 01:15:19";"2019-11-15 01:15:19";"paid"
420;1201;6;"XYZZ2216-18141939111";28.92;3.99;0;32.91;"EUR";NULL;"2019-11-15 14:19:20";"2019-11-15 14:19:20";"paid"
421;1204;6;"XYZZ1483-33141933111";46.71;0;0;46.71;"EUR";NULL;"2019-11-15 14:36:38";"2019-11-15 14:36:38";"paid"
422;1205;6;"XYZZ2223-52141931111";40.2;0;0;40.2;"EUR";NULL;"2019-11-15 14:53:30";"2019-11-15 14:53:30";"paid"
423;1209;6;"XYZZ2231-33151903111";78.5;0;0;78.5;"EUR";NULL;"2019-11-15 15:33:58";"2019-11-15 15:33:58";"paid"
424;1210;6;"XYZZ1492-20181910111";47.9;0;0;47.9;"EUR";NULL;"2019-11-15 18:21:08";"2019-11-15 18:21:08";"paid"
425;1212;6;"XYZZ1494-47191922111";40.22;0;0;40.22;"EUR";NULL;"2019-11-15 19:48:26";"2019-11-15 19:48:26";"paid"
426;1215;6;"XYZZ2242-08081908111";14.68;3.99;0;18.67;"EUR";NULL;"2019-11-16 08:09:11";"2019-11-16 08:09:11";"paid"
427;1217;6;"XYZZ2245-13091942111";40.38;0;0;40.38;"EUR";NULL;"2019-11-16 09:14:59";"2019-11-16 09:14:59";"paid"
428;1219;6;"XYZZ2249-57171910111";154;0;0;154;"EUR";NULL;"2019-11-16 17:59:39";"2019-11-16 17:59:39";"paid"
429;1221;6;"XYZZ2253-53191942111";53.32;0;0;53.32;"EUR";NULL;"2019-11-16 19:57:37";"2019-11-16 19:57:37";"paid"
430;1224;6;"XYZZ1514-28101931111";45.36;0;0;45.36;"EUR";NULL;"2019-11-17 10:30:01";"2019-11-17 10:30:01";"paid"
431;1231;6;"XYZZ2271-30111913111";50.76;0;0;50.76;"EUR";NULL;"2019-11-17 11:54:37";"2019-11-17 11:54:37";"paid"
432;1237;6;"XYZZ2282-58121903111";49.48;0;0;49.48;"EUR";NULL;"2019-11-17 13:02:03";"2019-11-17 13:02:03";"paid"
433;1242;6;"XYZZ1528-47171928111";61.93;0;0;61.93;"EUR";NULL;"2019-11-17 17:49:41";"2019-11-17 17:49:41";"paid"
434;1245;6;"XYZZ2297-08211902111";44.89;0;0;44.89;"EUR";NULL;"2019-11-17 21:09:56";"2019-11-17 21:09:56";"paid"
435;1246;6;"XYZZ1541-52211924111";24.74;3.99;0;28.73;"EUR";NULL;"2019-11-17 21:53:43";"2019-11-17 21:53:43";"paid"
436;1251;6;"XYZZ2308-30091914111";58.59;0;0;58.59;"EUR";NULL;"2019-11-18 09:31:43";"2019-11-18 09:31:43";"paid"
437;1255;6;"XYZZ2315-01141937111";46.06;0;0;46.06;"EUR";NULL;"2019-11-18 14:03:42";"2019-11-18 14:03:42";"paid"
438;1259;6;"XYZZ2322-15151950111";24.99;3.99;0;28.98;"EUR";NULL;"2019-11-18 15:17:23";"2019-11-18 15:17:23";"paid"
439;1260;6;"XYZZ1552-23161911111";43.08;0;0;43.08;"EUR";NULL;"2019-11-18 16:25:44";"2019-11-18 16:25:44";"paid"
442;1264;6;"XYZZ1559-07171908111";50.64;0;0;50.64;"EUR";NULL;"2019-11-18 17:09:24";"2019-11-18 17:09:24";"paid"
444;1276;6;"XYZZ1571-50091937111";46.11;0;0;46.11;"EUR";NULL;"2019-11-19 09:51:52";"2019-11-19 09:51:52";"paid"
445;1285;6;"XYZZ2370-55111931111";67.84;0;0;67.84;"EUR";NULL;"2019-11-19 11:58:22";"2019-11-19 11:58:22";"paid"
446;1286;6;"XYZZ1587-02121956111";49.84;0;0;49.84;"EUR";NULL;"2019-11-19 12:08:27";"2019-11-19 12:08:27";"paid"
447;1288;6;"XYZZ1584-09131953111";11.89;3.99;0;15.88;"EUR";NULL;"2019-11-19 13:10:57";"2019-11-19 13:10:57";"paid"
448;1291;6;"XYZZ2381-25131924111";80.24;0;0;80.24;"EUR";NULL;"2019-11-19 13:29:35";"2019-11-19 13:29:35";"paid"
449;1300;6;"XYZZ1600-21141942111";57.06;0;0;57.06;"EUR";NULL;"2019-11-20 14:23:11";"2019-11-20 14:23:11";"paid"
450;1302;6;"XYZZ1606-40141936111";49.34;0;0;49.34;"EUR";NULL;"2019-11-20 14:41:32";"2019-11-20 14:41:32";"paid"
451;1308;6;"XYZZ1614-06161929111";82.23;0;0;82.23;"EUR";NULL;"2019-11-20 16:10:07";"2019-11-20 16:10:07";"paid"
452;1309;6;"XYZZ2414-26171948111";29.22;3.99;0;33.21;"EUR";NULL;"2019-11-20 17:31:01";"2019-11-20 17:31:01";"paid"
453;1318;6;"XYZZ1625-22111930111";42.45;0;0;42.45;"EUR";NULL;"2019-11-21 11:23:06";"2019-11-21 11:23:06";"paid"
454;1321;6;"XYZZ2436-40161905111";55.92;0;0;55.92;"EUR";NULL;"2019-11-21 16:44:13";"2019-11-21 16:44:13";"paid"
455;1322;6;"XYZZ1628-03171944111";87.64;0;0;87.64;"EUR";NULL;"2019-11-21 17:05:06";"2019-11-21 17:05:06";"paid"
456;1323;6;"XYZZ2439-22171942111";208.5;0;0;208.5;"EUR";NULL;"2019-11-21 17:24:39";"2019-11-21 17:24:39";"paid"
457;1325;6;"XYZZ2443-09221916111";21.36;3.99;0;25.35;"EUR";NULL;"2019-11-21 22:10:41";"2019-11-21 22:10:41";"paid"
458;1326;6;"XYZZ1631-54081953111";9.14;3.99;0;13.13;"EUR";NULL;"2019-11-22 08:55:41";"2019-11-22 08:55:41";"paid"
459;1315;6;"XYZZ2425-46091914111";87.57;0;0;87.57;"EUR";NULL;"2019-11-22 10:47:26";"2019-11-22 10:47:26";"paid"
462;1297;6;"XYZZ2392-16101937111";13.43;3.99;0;17.42;"EUR";NULL;"2019-11-22 12:49:20";"2019-11-22 12:49:20";"paid"
463;1335;6;"XYZZ2461-21171918111";173.75;0;0;173.75;"EUR";NULL;"2019-11-22 17:26:17";"2019-11-22 17:26:17";"paid"
464;1341;6;"XYZZ2472-42131958111";44.56;0;0;44.56;"EUR";NULL;"2019-11-23 13:57:35";"2019-11-23 13:57:35";"paid"
465;1342;6;"XYZZ1658-07161946111";17.43;3.99;0;21.42;"EUR";NULL;"2019-11-23 16:11:00";"2019-11-23 16:11:00";"paid"
466;1346;6;"XYZZ1664-26171905111";205.13;0;0;205.13;"EUR";NULL;"2019-11-23 17:30:16";"2019-11-23 17:30:16";"paid"
467;1358;6;"XYZZ1673-30161942111";17.64;3.99;0;21.63;"EUR";NULL;"2019-11-24 16:31:22";"2019-11-24 16:31:22";"paid"
468;1360;6;"XYZZ1679-52161945111";55.84;0;0;55.84;"EUR";NULL;"2019-11-24 16:55:47";"2019-11-24 16:55:47";"paid"
469;1362;6;"XYZZ1683-20171934111";19.13;3.99;0;23.12;"EUR";NULL;"2019-11-24 17:25:23";"2019-11-24 17:25:23";"paid"
470;1364;6;"XYZZ1685-55171939111";69.69;0;0;69.69;"EUR";NULL;"2019-11-24 17:57:49";"2019-11-24 17:57:49";"paid"
471;1372;6;"XYZZ1694-41091905111";46.4;0;0;46.4;"EUR";NULL;"2019-11-25 09:43:10";"2019-11-25 09:43:10";"paid"
472;1374;6;"XYZZ1697-00101910111";46.06;0;0;46.06;"EUR";NULL;"2019-11-25 10:01:31";"2019-11-25 10:01:31";"paid"
473;1378;6;"XYZZ1699-47111937111";7.34;3.99;0;11.33;"EUR";NULL;"2019-11-25 11:49:57";"2019-11-25 11:49:57";"paid"
474;1381;6;"XYZZ2545-54111934111";13.41;3.99;0;17.4;"EUR";NULL;"2019-11-25 11:55:17";"2019-11-25 11:55:17";"paid"
475;1383;6;"XYZZ2549-37121957111";50.48;0;0;50.48;"EUR";NULL;"2019-11-25 12:41:54";"2019-11-25 12:41:54";"paid"
476;1368;6;"XYZZ1686-53061908111";59.17;0;0;59.17;"EUR";NULL;"2019-11-25 15:02:43";"2019-11-25 15:02:43";"paid"
477;1354;6;"XYZZ1673-44151933111";118.02;0;0;118.02;"EUR";NULL;"2019-11-25 15:08:55";"2019-11-25 15:08:55";"paid"
478;1393;6;"XYZZ2567-23171924111";10.55;3.99;0;14.54;"EUR";NULL;"2019-11-25 17:24:22";"2019-11-25 17:24:22";"paid"
479;1394;6;"XYZZ1716-31171950111";50.9;0;0;50.9;"EUR";NULL;"2019-11-25 17:35:06";"2019-11-25 17:35:06";"paid"
480;1396;6;"XYZZ1719-39171903111";55.72;0;0;55.72;"EUR";NULL;"2019-11-25 17:39:38";"2019-11-25 17:39:38";"paid"
481;1400;6;"XYZZ1725-00191930111";46.71;0;0;46.71;"EUR";NULL;"2019-11-25 19:05:17";"2019-11-25 19:05:17";"paid"
482;1402;6;"XYZZ1733-17191901111";45.64;0;0;45.64;"EUR";NULL;"2019-11-25 19:18:47";"2019-11-25 19:18:47";"paid"
483;1403;6;"XYZZ2586-37191939111";83.83;0;0;83.83;"EUR";NULL;"2019-11-25 19:39:13";"2019-11-25 19:39:13";"paid"
484;1408;6;"XYZZ1735-04211942111";13.97;3.99;0;17.96;"EUR";NULL;"2019-11-25 21:06:21";"2019-11-25 21:06:21";"paid"
485;1409;6;"XYZZ2597-08021940111";35.83;3.99;0;39.82;"EUR";NULL;"2019-11-26 02:10:06";"2019-11-26 02:10:06";"paid"
486;1411;6;"XYZZ2600-59061956111";48.56;0;0;48.56;"EUR";NULL;"2019-11-26 07:06:22";"2019-11-26 07:06:22";"paid"
487;1413;6;"XYZZ2604-27101915111";16.07;3.99;0;20.06;"EUR";NULL;"2019-11-26 10:28:49";"2019-11-26 10:28:49";"paid"
488;1414;6;"XYZZ1746-54101909111";44.9;0;0;44.9;"EUR";NULL;"2019-11-26 10:55:35";"2019-11-26 10:55:35";"paid"
489;1420;6;"XYZZ1748-38121907111";8.66;3.99;0;12.65;"EUR";NULL;"2019-11-26 12:39:31";"2019-11-26 12:39:31";"paid"
490;1423;6;"XYZZ2622-46131919111";43.56;0;0;43.56;"EUR";NULL;"2019-11-26 16:03:22";"2019-11-26 16:03:22";"paid"
491;1425;6;"XYZZ2626-57191936111";161.32;0;0;161.32;"EUR";NULL;"2019-11-26 19:58:28";"2019-11-26 19:58:28";"paid"
492;1427;6;"XYZZ2630-40201911111";12.66;3.99;0;16.65;"EUR";NULL;"2019-11-26 20:41:39";"2019-11-26 20:41:39";"paid"
493;1429;6;"XYZZ2633-51201935111";70.85;0;0;70.85;"EUR";NULL;"2019-11-26 20:52:55";"2019-11-26 20:52:55";"paid"
494;1435;6;"XYZZ2644-02231952111";51.21;0;0;51.21;"EUR";NULL;"2019-11-26 23:07:32";"2019-11-26 23:07:32";"paid"
495;1437;6;"XYZZ2648-21001910111";50.16;0;0;50.16;"EUR";NULL;"2019-11-27 00:29:54";"2019-11-27 00:29:54";"paid"
496;1439;6;"XYZZ2651-18051936111";17.36;3.99;0;21.35;"EUR";NULL;"2019-11-27 05:20:22";"2019-11-27 05:20:22";"paid"
497;1441;6;"XYZZ2655-31071931111";51.21;0;0;51.21;"EUR";NULL;"2019-11-27 07:32:26";"2019-11-27 07:32:26";"paid"
498;1448;6;"XYZZ1783-46101952111";43.62;0;0;43.62;"EUR";NULL;"2019-11-27 10:49:04";"2019-11-27 10:49:04";"paid"
499;1449;6;"XYZZ2670-04111919111";55.23;0;0;55.23;"EUR";NULL;"2019-11-27 11:08:39";"2019-11-27 11:08:39";"paid"
500;1451;6;"XYZZ2673-31141929111";5.14;3.99;0;9.13;"EUR";NULL;"2019-11-27 14:32:36";"2019-11-27 14:32:36";"paid"
501;1454;6;"XYZZ1790-36151941111";54.6;0;0;54.6;"EUR";NULL;"2019-11-27 15:37:42";"2019-11-27 15:37:42";"paid"
502;1455;6;"XYZZ2681-49151918111";47.58;0;0;47.58;"EUR";NULL;"2019-11-27 15:51:26";"2019-11-27 15:51:26";"paid"
503;1461;6;"XYZZ2692-22211925111";54.84;0;0;54.84;"EUR";NULL;"2019-11-27 21:22:31";"2019-11-27 21:22:31";"pending"
504;1460;6;"XYZZ1800-22211914111";54.05;0;0;54.05;"EUR";NULL;"2019-11-27 21:31:40";"2019-11-27 21:31:40";"paid"
505;1462;6;"XYZZ1805-49211908111";38.2;3.99;0;42.19;"EUR";NULL;"2019-11-27 21:53:21";"2019-11-27 21:53:21";"paid"
506;1470;6;"XYZZ1812-34101926111";19.02;3.99;0;23.01;"EUR";NULL;"2019-11-28 10:41:21";"2019-11-28 10:41:21";"paid"
507;1471;6;"XYZZ2710-11121903111";53.05;0;0;53.05;"EUR";NULL;"2019-11-28 12:18:09";"2019-11-28 12:18:09";"paid"
508;1475;6;"XYZZ2717-11131908111";78.76;0;0;78.76;"EUR";NULL;"2019-11-28 13:12:23";"2019-11-28 13:12:23";"paid"
509;1477;6;"XYZZ2721-12151950111";41.88;0;0;41.88;"EUR";NULL;"2019-11-28 15:13:27";"2019-11-28 15:13:27";"paid"
510;1478;6;"XYZZ1822-10161933111";6.53;3.99;0;10.52;"EUR";NULL;"2019-11-28 16:15:11";"2019-11-28 16:15:11";"paid"
511;1483;6;"XYZZ2732-30181947111";93.1;0;0;93.1;"EUR";NULL;"2019-11-28 18:31:54";"2019-11-28 18:31:54";"paid"
512;1487;6;"XYZZ2739-02191917111";42.27;0;0;42.27;"EUR";NULL;"2019-11-28 19:04:44";"2019-11-28 19:04:44";"paid"
513;1489;6;"XYZZ2743-30091930111";43.01;0;0;43.01;"EUR";NULL;"2019-11-29 09:31:32";"2019-11-29 09:31:32";"paid"
514;1491;6;"XYZZ2747-38091916111";55.92;0;0;55.92;"EUR";NULL;"2019-11-29 09:39:31";"2019-11-29 09:39:31";"paid"
515;1492;6;"XYZZ1843-07121927111";46.71;0;0;46.71;"EUR";NULL;"2019-11-29 12:09:23";"2019-11-29 12:09:23";"paid"
516;1495;6;"XYZZ2754-50121920111";43.03;0;0;43.03;"EUR";NULL;"2019-11-29 12:52:29";"2019-11-29 12:52:29";"paid"
517;1497;6;"XYZZ2758-11131936111";42.95;0;0;42.95;"EUR";NULL;"2019-11-29 13:13:27";"2019-11-29 13:13:27";"paid"
518;1501;6;"XYZZ2765-24151914111";57.66;0;0;57.66;"EUR";NULL;"2019-11-29 15:25:54";"2019-11-29 15:25:54";"paid"
519;1502;6;"XYZZ1849-49161926111";26.52;3.99;0;30.51;"EUR";NULL;"2019-11-29 16:51:30";"2019-11-29 16:51:30";"paid"
520;1508;6;"XYZZ1856-10101903111";153;0;0;153;"EUR";NULL;"2019-11-30 10:11:24";"2019-11-30 10:11:24";"paid"
521;1509;6;"XYZZ2780-09131910111";35.7;9.99;0;45.69;"EUR";NULL;"2019-11-30 13:20:12";"2019-11-30 13:20:12";"paid"
522;1512;6;"XYZZ1867-17151929111";62.65;0;0;62.65;"EUR";NULL;"2019-11-30 15:18:00";"2019-11-30 15:18:00";"paid"
523;1516;6;"XYZZ1871-38171912111";10.8;3.99;0;14.79;"EUR";NULL;"2019-11-30 17:41:12";"2019-11-30 17:41:12";"paid"
524;1519;6;"XYZZ2798-44191925111";30.16;3.99;0;34.15;"EUR";NULL;"2019-11-30 19:45:58";"2019-11-30 19:45:58";"paid"
525;1521;6;"XYZZ2801-03201958111";46.37;0;0;46.37;"EUR";NULL;"2019-11-30 20:05:42";"2019-11-30 20:05:42";"paid"
526;1526;6;"XYZZ1881-06021952121";42.18;0;0;42.18;"EUR";NULL;"2019-12-01 02:12:16";"2019-12-01 02:12:16";"paid"
527;1528;6;"XYZZ1887-13101956121";98.29;20;0;118.29;"EUR";NULL;"2019-12-01 10:16:30";"2019-12-01 10:16:30";"paid"
528;1529;6;"XYZZ2816-29101920121";241.01;0;0;241.01;"EUR";NULL;"2019-12-01 10:33:39";"2019-12-01 10:33:39";"paid"
529;1532;6;"XYZZ1885-06121938121";118.14;0;0;118.14;"EUR";NULL;"2019-12-01 12:08:44";"2019-12-01 12:08:44";"paid"
530;1533;6;"XYZZ2823-42121959121";46.88;0;0;46.88;"EUR";NULL;"2019-12-01 12:44:33";"2019-12-01 12:44:33";"paid"
531;1536;6;"XYZZ1896-47131932121";27.65;9.99;0;37.64;"EUR";NULL;"2019-12-01 13:48:04";"2019-12-01 13:48:04";"paid"
532;1539;6;"XYZZ2834-06141947121";23.27;3.99;0;27.26;"EUR";NULL;"2019-12-01 14:09:13";"2019-12-01 14:09:13";"paid"
533;1537;6;"XYZZ2831-47131942121";74.4;0;0;74.4;"EUR";NULL;"2019-12-01 15:03:47";"2019-12-01 15:03:47";"paid"
534;1544;6;"XYZZ1905-23161919121";40.26;0;0;40.26;"EUR";NULL;"2019-12-01 16:29:15";"2019-12-01 16:29:15";"paid"
535;1548;6;"XYZZ1904-57171927121";47.53;0;0;47.53;"EUR";NULL;"2019-12-01 18:00:21";"2019-12-01 18:00:21";"paid"
536;1549;6;"XYZZ2853-59171927121";225.34;0;0;225.34;"EUR";NULL;"2019-12-01 18:01:37";"2019-12-01 18:01:37";"paid"
537;1553;6;"XYZZ2860-52181925121";36.8;3.99;0;40.79;"EUR";NULL;"2019-12-01 18:53:52";"2019-12-01 18:53:52";"paid"
538;1571;6;"XYZZ2893-38201940121";20.96;3.99;0;24.95;"EUR";NULL;"2019-12-01 20:43:11";"2019-12-01 20:43:11";"paid"
539;1564;6;"XYZZ1926-12191902121";46.33;0;0;46.33;"EUR";NULL;"2019-12-01 21:17:35";"2019-12-01 21:17:35";"paid"
540;1573;6;"XYZZ2897-23211912121";54.36;9.99;0;64.35;"EUR";NULL;"2019-12-01 21:25:05";"2019-12-01 21:25:05";"paid"
541;1574;6;"XYZZ1940-26211930121";76.64;0;0;76.64;"EUR";NULL;"2019-12-01 21:31:52";"2019-12-01 21:31:52";"paid"
542;1575;6;"XYZZ2900-58221936121";52.96;0;0;52.96;"EUR";NULL;"2019-12-01 23:01:57";"2019-12-01 23:01:57";"paid"
543;1576;6;"XYZZ1942-38231932121";225.34;0;0;225.34;"EUR";NULL;"2019-12-01 23:40:55";"2019-12-01 23:40:55";"paid"
544;1578;6;"XYZZ1945-00001920121";24.43;9.99;0;34.42;"EUR";NULL;"2019-12-02 00:01:04";"2019-12-02 00:01:04";"paid"
545;1585;6;"XYZZ2919-20101924121";13.51;9.99;0;23.5;"EUR";NULL;"2019-12-02 10:22:32";"2019-12-02 10:22:32";"paid"
546;1588;6;"XYZZ1957-31101903121";44.3;0;0;44.3;"EUR";NULL;"2019-12-02 10:32:53";"2019-12-02 10:32:53";"paid"
547;1589;6;"XYZZ2926-34101932121";51.07;0;0;51.07;"EUR";NULL;"2019-12-02 10:38:27";"2019-12-02 10:38:27";"paid"
548;1595;6;"XYZZ2937-20121913121";29.51;3.99;0;33.5;"EUR";NULL;"2019-12-02 12:20:52";"2019-12-02 12:20:52";"paid"
549;1596;6;"XYZZ1963-17131921121";253.41;0;0;253.41;"EUR";NULL;"2019-12-02 13:22:20";"2019-12-02 13:22:20";"paid"
550;1597;6;"XYZZ2941-13141950121";46.71;0;0;46.71;"EUR";NULL;"2019-12-02 14:15:29";"2019-12-02 14:15:29";"paid"
551;1598;6;"XYZZ1969-25141909121";17;3.99;0;20.99;"EUR";NULL;"2019-12-02 14:26:16";"2019-12-02 14:26:16";"paid"
552;1599;6;"XYZZ2944-27141929121";17;3.99;0;20.99;"EUR";NULL;"2019-12-02 14:28:25";"2019-12-02 14:28:25";"paid"
553;1600;6;"XYZZ1971-29141929121";17;3.99;0;20.99;"EUR";NULL;"2019-12-02 14:30:39";"2019-12-02 14:30:39";"paid"
554;1601;6;"XYZZ2948-31141913121";17;3.99;0;20.99;"EUR";NULL;"2019-12-02 14:31:47";"2019-12-02 14:31:47";"paid"
555;1603;6;"XYZZ2951-31151952121";91.25;0;0;91.25;"EUR";NULL;"2019-12-02 15:34:05";"2019-12-02 15:34:05";"paid"
556;1613;6;"XYZZ2970-34171955121";91;0;0;91;"EUR";NULL;"2019-12-02 17:38:22";"2019-12-02 17:38:22";"paid"
557;1615;6;"XYZZ2973-23181918121";25.9;3.99;0;29.89;"EUR";NULL;"2019-12-02 18:25:22";"2019-12-02 18:25:22";"paid"
558;1617;6;"XYZZ2977-52191944121";67.04;0;0;67.04;"EUR";NULL;"2019-12-02 19:57:39";"2019-12-02 19:57:39";"paid"
559;1618;6;"XYZZ1998-06201921121";116.57;0;0;116.57;"EUR";NULL;"2019-12-02 20:08:09";"2019-12-02 20:08:09";"paid"
560;1619;6;"XYZZ2981-09201943121";44.44;0;0;44.44;"EUR";NULL;"2019-12-02 20:10:52";"2019-12-02 20:10:52";"paid"
561;1604;6;"XYZZ1973-52151925121";83.21;0;0;83.21;"EUR";NULL;"2019-12-03 08:15:44";"2019-12-03 08:15:44";"paid"
562;1624;6;"XYZZ2002-14121937121";53.43;0;0;53.43;"EUR";NULL;"2019-12-03 12:15:45";"2019-12-03 12:15:45";"paid"
563;1625;6;"XYZZ2992-50121910121";5.97;3.99;0;9.96;"EUR";NULL;"2019-12-03 12:53:02";"2019-12-03 12:53:02";"paid"
564;1627;6;"XYZZ2995-05131912121";109.8;0;0;109.8;"EUR";NULL;"2019-12-03 13:08:05";"2019-12-03 13:08:05";"paid"
565;1629;6;"XYZZ2999-15131924121";116.44;0;0;116.44;"EUR";NULL;"2019-12-03 13:20:51";"2019-12-03 13:20:51";"paid"
566;1635;6;"XYZZ3010-59211954121";30.03;3.99;0;34.02;"EUR";NULL;"2019-12-03 22:00:29";"2019-12-03 22:00:29";"paid"
567;1640;6;"XYZZ2025-27131955121";58.32;0;0;58.32;"EUR";NULL;"2019-12-04 13:30:13";"2019-12-04 13:30:13";"paid"
568;1641;6;"XYZZ3021-59171930121";25.14;3.99;0;29.13;"EUR";NULL;"2019-12-04 18:02:06";"2019-12-04 18:02:06";"paid"
569;1645;6;"XYZZ3028-56221916121";33.52;3.99;0;37.51;"EUR";NULL;"2019-12-04 23:09:37";"2019-12-04 23:09:37";"paid"
570;1649;6;"XYZZ3036-39231938121";16.76;3.99;0;20.75;"EUR";NULL;"2019-12-04 23:41:09";"2019-12-04 23:41:09";"paid"
571;1651;6;"XYZZ3039-18131949121";64.75;0;0;64.75;"EUR";NULL;"2019-12-05 13:22:53";"2019-12-05 13:22:53";"paid"
572;1659;6;"XYZZ3054-58191918121";26.75;3.99;0;30.74;"EUR";NULL;"2019-12-05 20:00:22";"2019-12-05 20:00:22";"paid"
573;1660;6;"XYZZ2045-20161943121";21.78;3.99;0;25.77;"EUR";NULL;"2019-12-06 16:24:02";"2019-12-06 16:24:02";"paid"
579;1667;6;"XYZZ3069-02141920121";45.64;0;0;45.64;"EUR";NULL;"2019-12-07 14:03:23";"2019-12-07 14:03:23";"paid"
580;1668;6;"XYZZ2060-49231915121";22.25;3.99;0;26.24;"EUR";NULL;"2019-12-07 23:49:31";"2019-12-07 23:49:31";"pending"
581;1669;6;"XYZZ3072-12091933121";45.54;0;0;45.54;"EUR";NULL;"2019-12-08 09:12:46";"2019-12-08 09:12:46";"pending"
582;1670;6;"XYZZ2055-13101921121";21.62;3.99;0;25.61;"EUR";NULL;"2019-12-08 10:14:33";"2019-12-08 10:14:33";"paid"
583;1671;6;"XYZZ3076-58121925121";38.84;9.99;0;48.83;"EUR";NULL;"2019-12-08 13:00:53";"2019-12-08 13:00:53";"paid"
584;1672;6;"XYZZ2064-49191907121";29.55;3.99;0;33.54;"EUR";NULL;"2019-12-08 19:49:48";"2019-12-08 19:49:48";"pending"
585;1674;6;"XYZZ2065-47001941121";51.8;0;0;51.8;"EUR";NULL;"2019-12-09 00:52:03";"2019-12-09 00:52:03";"paid"
586;1675;6;"XYZZ3083-52091918121";18.96;3.99;0;22.95;"EUR";NULL;"2019-12-11 09:53:11";"2019-12-11 09:53:11";"pending"
587;1677;6;"XYZZ3087-52121934121";67.14;0;0;67.14;"EUR";NULL;"2019-12-11 12:53:09";"2019-12-11 12:53:09";"pending"
588;1681;6;"XYZZ3094-04131926121";67.14;0;0;67.14;"EUR";NULL;"2019-12-11 13:05:55";"2019-12-11 13:05:55";"paid"
589;1684;6;"XYZZ2075-52171900121";36.65;3.99;0;40.64;"EUR";NULL;"2019-12-15 18:03:09";"2019-12-15 18:03:09";"paid"
590;1687;6;"XYZZ3105-16151925121";20.96;3.99;0;24.95;"EUR";NULL;"2019-12-17 15:16:43";"2019-12-17 15:16:43";"paid"
591;1689;6;"XYZZ3109-10231913121";52.34;0;0;52.34;"EUR";NULL;"2019-12-17 23:10:18";"2019-12-17 23:10:18";"paid"
592;1691;6;"XYZZ3112-43121921121";61;0;0;61;"EUR";NULL;"2019-12-18 12:43:35";"2019-12-18 12:43:35";"paid"
593;1692;6;"XYZZ2088-15161937121";24.22;3.99;0;28.21;"EUR";NULL;"2019-12-18 16:17:18";"2019-12-18 16:17:18";"paid"
594;1694;6;"XYZZ2084-57061924121";18.64;3.99;0;22.63;"EUR";NULL;"2019-12-19 06:57:30";"2019-12-19 06:57:30";"paid"
595;1700;6;"XYZZ2096-59091946121";82.49;0;0;82.49;"EUR";NULL;"2019-12-19 09:59:53";"2019-12-19 09:59:53";"pending"
596;1701;6;"XYZZ3131-53111913121";10.33;3.99;0;14.32;"EUR";NULL;"2019-12-19 11:54:25";"2019-12-19 11:54:25";"paid"
597;1703;6;"XYZZ3134-48131940121";53.36;0;0;53.36;"EUR";NULL;"2019-12-19 13:52:55";"2019-12-19 13:52:55";"paid"
598;1706;6;"XYZZ2100-18171909121";24.05;3.99;0;28.04;"EUR";NULL;"2019-12-19 17:24:31";"2019-12-19 17:24:31";"paid"
599;1709;6;"XYZZ3145-34181927121";14.5;3.99;0;18.49;"EUR";NULL;"2019-12-19 18:37:51";"2019-12-19 18:37:51";"paid"
600;1710;6;"XYZZ2108-06211929121";48.25;0;0;48.25;"EUR";NULL;"2019-12-19 21:07:14";"2019-12-19 21:07:14";"paid"
601;1713;6;"XYZZ3153-50141901121";38.41;3.99;0;42.4;"EUR";NULL;"2019-12-20 15:00:16";"2019-12-20 15:00:16";"paid"
602;1714;6;"XYZZ2114-48111913121";42.05;0;0;42.05;"EUR";NULL;"2019-12-21 11:49:34";"2019-12-21 11:49:34";"paid"
603;1716;6;"XYZZ2118-06171912121";22.2;3.99;0;26.19;"EUR";NULL;"2019-12-26 17:06:48";"2019-12-26 17:06:48";"paid"
604;1718;6;"XYZZ2119-22171910121";15.18;3.99;0;19.17;"EUR";NULL;"2019-12-28 17:23:43";"2019-12-28 17:23:43";"paid"
605;1722;6;"XYZZ2121-45181946121";21.78;3.99;0;25.77;"EUR";NULL;"2019-12-30 18:48:42";"2019-12-30 18:48:42";"paid"
606;1723;6;"XYZZ3171-06232009011";47.32;0;0;47.32;"EUR";NULL;"2020-01-05 23:09:51";"2020-01-05 23:09:51";"paid"
607;1725;6;"XYZZ3175-14202038011";29.64;3.99;0;33.63;"EUR";NULL;"2020-01-10 20:16:33";"2020-01-10 20:16:33";"paid"
608;1728;6;"XYZZ2125-25122025011";15.86;3.99;0;19.85;"EUR";NULL;"2020-01-13 12:26:57";"2020-01-13 12:26:57";"paid"
609;1730;6;"XYZZ2134-24212058011";42.52;0;0;42.52;"EUR";NULL;"2020-01-13 21:25:42";"2020-01-13 21:25:42";"paid"
610;1731;6;"XYZZ3186-07142020011";117.3;0;0;117.3;"EUR";NULL;"2020-01-17 14:11:42";"2020-01-17 14:11:42";"paid"
611;1732;6;"XYZZ2133-15112038011";48.78;0;0;48.78;"EUR";NULL;"2020-01-19 11:18:19";"2020-01-19 11:18:19";"paid"
612;1733;6;"XYZZ3189-29182053011";11.52;3.99;0;15.51;"EUR";NULL;"2020-01-19 18:30:28";"2020-01-19 18:30:28";"paid"
613;1736;6;"XYZZ2138-52082059011";61.15;0;0;61.15;"EUR";NULL;"2020-01-23 08:56:07";"2020-01-23 08:56:07";"paid"
614;1737;6;"XYZZ3197-56132050011";9.89;3.99;0;13.88;"EUR";NULL;"2020-01-24 13:57:54";"2020-01-24 13:57:54";"paid"
615;1741;6;"XYZZ3204-57072045011";76.44;0;0;76.44;"EUR";NULL;"2020-01-26 08:04:35";"2020-01-26 08:04:35";"paid"
616;1742;6;"XYZZ2144-56172012011";24.87;3.99;0;28.86;"EUR";NULL;"2020-01-26 17:57:14";"2020-01-26 17:57:14";"paid"
617;1743;6;"XYZZ3208-01232059011";8.29;3.99;0;12.28;"EUR";NULL;"2020-01-27 23:04:10";"2020-01-27 23:04:10";"paid"
618;1749;6;"XYZZ3219-15142004011";25.36;3.99;0;29.35;"EUR";NULL;"2020-01-28 14:15:44";"2020-01-28 14:15:44";"paid"
619;1751;6;"XYZZ3222-47142013011";5.64;3.99;0;9.63;"EUR";NULL;"2020-01-28 17:04:33";"2020-01-28 17:04:33";"paid"
620;1753;6;"XYZZ3226-06192039011";43.71;0;0;43.71;"EUR";NULL;"2020-01-28 19:07:24";"2020-01-28 19:07:24";"paid"
621;1754;6;"XYZZ2159-30192036011";33.42;3.99;0;37.41;"EUR";NULL;"2020-01-28 19:37:24";"2020-01-28 19:37:24";"paid"
622;1755;6;"XYZZ3230-20002020011";43.71;0;0;43.71;"EUR";NULL;"2020-01-29 00:24:01";"2020-01-29 00:24:01";"paid"
623;1759;6;"XYZZ3237-29142042011";37.13;3.99;0;41.12;"EUR";NULL;"2020-01-30 14:30:32";"2020-01-30 14:30:32";"paid"
624;1763;6;"XYZZ3244-36192013011";47.5;0;0;47.5;"EUR";NULL;"2020-01-30 19:37:22";"2020-01-30 19:37:22";"paid"
625;1765;6;"XYZZ3248-50202012011";69.18;0;0;69.18;"EUR";NULL;"2020-01-30 20:51:43";"2020-01-30 20:51:43";"paid"
626;1766;6;"XYZZ2177-33122039021";17.58;3.99;0;21.57;"EUR";NULL;"2020-02-01 12:34:50";"2020-02-01 12:34:50";"paid"
627;1767;6;"XYZZ3252-12112051021";24.6;3.99;0;28.59;"EUR";NULL;"2020-02-02 11:14:42";"2020-02-02 11:14:42";"paid"
628;1768;6;"XYZZ2180-46142047021";167.43;0;0;167.43;"EUR";NULL;"2020-02-02 14:47:54";"2020-02-02 14:47:54";"paid"
